ticker,name,exchange,security_type,is_adr,listing_date,sector,industry,country,shares_outstanding,beta,market_cap_hint,as_of,source,fetched_at,price,price_as_of,market_cap,avg_dollar_volume,is_price_fresh,model_family,watchlist_reason,event_flags,years_of_data,latest_fiscal_year,anchor_source,latest_filing_date,cashflow_period_semantics,ttm_cashflow_status,revenue,revenue_cagr,revenue_volatility,gross_margin,current_operating_margin,reported_operating_income,one_off_items_latest,normalized_operating_margin,normalized_operating_income,normalized_nopat,normalized_fcf,normalized_fcf_per_share,margin_volatility,tax_rate,roic,incremental_roic,net_debt,total_debt,interest_expense_known,interest_coverage,net_debt_to_ebitda,sbc_intensity,margin_mad_z,ocf_margin_mad_z,one_off_suspected,dividends_paid,buybacks,net_share_change_cagr,ocf_to_net_income,shares_diluted,sec_status,sec_max_divergence,sec_confidence_penalty,analyst_growth,analyst_dispersion,has_estimates,risk_free,wacc,cost_of_debt_after_tax,roic_minus_wacc,filing_age_days,data_confidence,financial_persistence_score,roic_above_wacc_years,cyclicality,model_confidence,risk_flags,expected_irr,median_irr,p10_irr,p90_irr,above_hurdle_weight,hurdle_rate,permanent_loss_weight,worst_case_shortfall,worst_case_hurdle_gap,expected_shortfall,hurdle_cvar,intrinsic_value_low,intrinsic_value_base,intrinsic_value_high,intrinsic_value_bear,intrinsic_value_bull,scenario_order_inversion,scenario_order_note,upside_to_base,model_uncertainty,business_quality,valuation_excess,evidence_confidence,valuation_status,invalid_reason,invalid_fields,assumption_flags,valuation_alerts,requires_manual_review,roic_status,catastrophic_tail_floor_applied,catastrophic_tail_scenarios
V,Visa Inc.,NYSE,common_stock,False,2008-03-19,Financial Services,Financial - Credit Services,US,1916826361.0011,0.765,627262258373.64,2026-06-18,fmp:company-screener,2026-06-20T02:36:20.773361+00:00,327.24,2026-06-18,627262258374.0,2424606581.765938,True,consumer_finance,consumer_finance_model_not_supported,,,,,,,,,,,,,,,,,,,,,,,,,,,,,,,,,,,,,,,,,,,,,,,,,,,,,,,,,,,,,,,,,,,,,,,,,,,,,,,,,,,,,,
MA,Mastercard Incorporated,NYSE,common_stock,False,2006-05-25,Financial Services,Financial - Credit Services,US,883583845.0009187,0.738,435597999746.55,2026-06-18,fmp:company-screener,2026-06-20T02:36:20.773361+00:00,489.79,2026-06-18,432770531443.0,1853477554.05625,True,consumer_finance,consumer_finance_model_not_supported,,,,,,,,,,,,,,,,,,,,,,,,,,,,,,,,,,,,,,,,,,,,,,,,,,,,,,,,,,,,,,,,,,,,,,,,,,,,,,,,,,,,,,
MS,Morgan Stanley,NYSE,common_stock,False,1993-02-23,Financial Services,Financial - Capital Markets,US,1577284817.000493,1.221,352002652609.88995,2026-06-18,fmp:company-screener,2026-06-20T02:36:20.773361+00:00,223.17,2026-06-18,352002652610.0,1137501632.1728125,True,asset_management,asset_management_model_not_supported,,,,,,,,,,,,,,,,,,,,,,,,,,,,,,,,,,,,,,,,,,,,,,,,,,,,,,,,,,,,,,,,,,,,,,,,,,,,,,,,,,,,,,
GS,"The Goldman Sachs Group, Inc.",NYSE,common_stock,False,1999-05-04,Financial Services,Financial - Capital Markets,US,295007421.00021887,1.291,323493337571.76,2026-06-18,fmp:company-screener,2026-06-20T02:36:20.773361+00:00,1096.56,2026-06-18,323493337572.0,2035656957.475,True,asset_management,asset_management_model_not_supported,,,,,,,,,,,,,,,,,,,,,,,,,,,,,,,,,,,,,,,,,,,,,,,,,,,,,,,,,,,,,,,,,,,,,,,,,,,,,,,,,,,,,,
AXP,American Express Company,NYSE,common_stock,False,1972-06-01,Financial Services,Financial - Credit Services,US,682326443.0003548,1.058,230626337734.0,2026-06-18,fmp:company-screener,2026-06-20T02:36:20.773361+00:00,338.0,2026-06-18,230626337734.1199,963595547.3725,True,consumer_finance,consumer_finance_model_not_supported,,,,,,,,,,,,,,,,,,,,,,,,,,,,,,,,,,,,,,,,,,,,,,,,,,,,,,,,,,,,,,,,,,,,,,,,,,,,,,,,,,,,,,
BLK,"BlackRock, Inc.",NYSE,common_stock,False,1999-10-01,Financial Services,Asset Management,US,155233988.9999905,1.434,163009659509.00998,2026-06-18,fmp:company-screener,2026-06-20T02:36:20.773361+00:00,1050.09,2026-06-18,163009659509.0,707261728.134375,True,asset_management,asset_management_model_not_supported,,,,,,,,,,,,,,,,,,,,,,,,,,,,,,,,,,,,,,,,,,,,,,,,,,,,,,,,,,,,,,,,,,,,,,,,,,,,,,,,,,,,,,
SCHW,The Charles Schwab Corporation,NYSE,common_stock,False,1987-09-22,Financial Services,Financial - Capital Markets,US,1739140000.0,0.773,164366121400.0,2026-06-18,fmp:company-screener,2026-06-20T02:36:20.773361+00:00,91.7,2026-06-18,159479138000.0,1043750695.016875,True,asset_management,asset_management_model_not_supported,,,,,,,,,,,,,,,,,,,,,,,,,,,,,,,,,,,,,,,,,,,,,,,,,,,,,,,,,,,,,,,,,,,,,,,,,,,,,,,,,,,,,,
BX,Blackstone Inc.,NYSE,common_stock,False,2007-06-22,Financial Services,Asset Management,US,1201264407.998384,1.585,148704521066.32,2026-06-18,fmp:company-screener,2026-06-20T02:36:20.773361+00:00,123.79,2026-06-18,148704521066.11996,697266542.084375,True,asset_management,asset_management_model_not_supported,,,,,,,,,,,,,,,,,,,,,,,,,,,,,,,,,,,,,,,,,,,,,,,,,,,,,,,,,,,,,,,,,,,,,,,,,,,,,,,,,,,,,,
COF,Capital One Financial Corporation,NYSE,common_stock,False,1994-11-16,Financial Services,Financial - Credit Services,US,622292783.0000496,1.037,124999951321.21,2026-06-18,fmp:company-screener,2026-06-20T02:36:20.773361+00:00,201.53,2026-06-18,125410664558.0,866972843.639375,True,consumer_finance,consumer_finance_model_not_supported,,,,,,,,,,,,,,,,,,,,,,,,,,,,,,,,,,,,,,,,,,,,,,,,,,,,,,,,,,,,,,,,,,,,,,,,,,,,,,,,,,,,,,
SPGI,S&P Global Inc.,NYSE,common_stock,False,2016-04-28,Financial Services,Financial - Data & Stock Exchanges,US,296000000.0,1.076,121632320000.0,2026-06-18,fmp:company-screener,2026-06-20T02:36:20.773361+00:00,410.92,2026-06-18,121632320000.0,834883919.70375,True,financial_other,financial_sector_model_not_supported,,,,,,,,,,,,,,,,,,,,,,,,,,,,,,,,,,,,,,,,,,,,,,,,,,,,,,,,,,,,,,,,,,,,,,,,,,,,,,,,,,,,,,
BNY,Bank of New York Mellon Corp,NYSE,common_stock,False,2007-07-01,Financial Services,Asset Management,US,686379000.0,1.065,98584615770.0,2026-06-18,fmp:company-screener,2026-06-20T02:36:20.773361+00:00,143.63,2026-06-18,98584615770.0,505860682.0646875,True,asset_management,asset_management_model_not_supported,,,,,,,,,,,,,,,,,,,,,,,,,,,,,,,,,,,,,,,,,,,,,,,,,,,,,,,,,,,,,,,,,,,,,,,,,,,,,,,,,,,,,,
KKR,KKR & Co. Inc.,NYSE,common_stock,False,2010-07-15,Financial Services,Asset Management,US,897872940.9957736,1.791,87102654006.41,2026-06-18,fmp:company-screener,2026-06-20T02:36:20.773361+00:00,97.01,2026-06-18,87102654006.0,469373717.6396875,True,asset_management,asset_management_model_not_supported,,,,,,,,,,,,,,,,,,,,,,,,,,,,,,,,,,,,,,,,,,,,,,,,,,,,,,,,,,,,,,,,,,,,,,,,,,,,,,,,,,,,,,
APO,"Apollo Global Management, Inc.",NYSE,common_stock,False,2011-03-30,Financial Services,Asset Management,US,576517513.0036364,1.488,79271158037.5,2026-06-18,fmp:company-screener,2026-06-20T02:36:20.773361+00:00,137.5,2026-06-18,79271158038.0,475310649.5515625,True,asset_management,asset_management_model_not_supported,,,,,,,,,,,,,,,,,,,,,,,,,,,,,,,,,,,,,,,,,,,,,,,,,,,,,,,,,,,,,,,,,,,,,,,,,,,,,,,,,,,,,,
MCO,Moody's Corporation,NYSE,common_stock,False,1994-10-31,Financial Services,Financial - Data & Stock Exchanges,US,174700000.0,1.339,78885785000.0,2026-06-18,fmp:company-screener,2026-06-20T02:36:20.773361+00:00,450.67,2026-06-18,78732049000.0,453393188.5371875,True,financial_other,financial_sector_model_not_supported,,,,,,,,,,,,,,,,,,,,,,,,,,,,,,,,,,,,,,,,,,,,,,,,,,,,,,,,,,,,,,,,,,,,,,,,,,,,,,,,,,,,,,
ICE,"Intercontinental Exchange, Inc.",NYSE,common_stock,False,2005-11-16,Financial Services,Financial - Data & Stock Exchanges,US,565512495.0029877,0.922,76112326702.05,2026-06-18,fmp:company-screener,2026-06-20T02:36:20.773361+00:00,133.88,2026-06-18,75710812831.0,560885407.0875,True,financial_other,financial_sector_model_not_supported,,,,,,,,,,,,,,,,,,,,,,,,,,,,,,,,,,,,,,,,,,,,,,,,,,,,,,,,,,,,,,,,,,,,,,,,,,,,,,,,,,,,,,
STT,State Street Corporation,NYSE,common_stock,False,1980-03-17,Financial Services,Asset Management,US,276767032.99863344,1.451,48006625709.01501,2026-06-18,fmp:company-screener,2026-06-20T02:36:20.773361+00:00,168.31,2026-06-18,46582659323.99999,325677494.50687504,True,asset_management,asset_management_model_not_supported,,,,,,,,,,,,,,,,,,,,,,,,,,,,,,,,,,,,,,,,,,,,,,,,,,,,,,,,,,,,,,,,,,,,,,,,,,,,,,,,,,,,,,
ARES,Ares Management Corporation,NYSE,common_stock,False,2014-05-02,Financial Services,Asset Management,US,328414955.9996907,1.516,42477190409.0,2026-06-18,fmp:company-screener,2026-06-20T02:36:20.773361+00:00,129.34,2026-06-18,42477190409.0,352764653.703125,True,asset_management,asset_management_model_not_supported,,,,,,,,,,,,,,,,,,,,,,,,,,,,,,,,,,,,,,,,,,,,,,,,,,,,,,,,,,,,,,,,,,,,,,,,,,,,,,,,,,,,,,
MSCI,MSCI Inc.,NYSE,common_stock,False,2007-11-15,Financial Services,Financial - Data & Stock Exchanges,US,72800000.0,1.226,43453592000.0,2026-06-18,fmp:company-screener,2026-06-20T02:36:20.773361+00:00,581.19,2026-06-18,42310632000.00001,343966899.585625,True,financial_other,financial_sector_model_not_supported,,,,,,,,,,,,,,,,,,,,,,,,,,,,,,,,,,,,,,,,,,,,,,,,,,,,,,,,,,,,,,,,,,,,,,,,,,,,,,,,,,,,,,
AMP,"Ameriprise Financial, Inc.",NYSE,common_stock,False,2005-09-15,Financial Services,Asset Management,US,89897100.0,1.166,42020601453.0,2026-06-18,fmp:company-screener,2026-06-20T02:36:20.773361+00:00,467.43,2026-06-18,42020601453.0,286631308.651875,True,asset_management,asset_management_model_not_supported,,,,,,,,,,,,,,,,,,,,,,,,,,,,,,,,,,,,,,,,,,,,,,,,,,,,,,,,,,,,,,,,,,,,,,,,,,,,,,,,,,,,,,
RJF,"Raymond James Financial, Inc.",NYSE,common_stock,False,1983-07-01,Financial Services,Financial - Capital Markets,US,194883033.99846014,0.951,30392009152.3,2026-06-18,fmp:company-screener,2026-06-20T02:36:20.773361+00:00,155.86,2026-06-18,30374469679.0,207715646.7709375,True,asset_management,asset_management_model_not_supported,,,,,,,,,,,,,,,,,,,,,,,,,,,,,,,,,,,,,,,,,,,,,,,,,,,,,,,,,,,,,,,,,,,,,,,,,,,,,,,,,,,,,,
SYF,Synchrony Financial,NYSE,common_stock,False,2014-07-31,Financial Services,Financial - Credit Services,US,336370242.0010629,1.321,24928398634.62,2026-06-18,fmp:company-screener,2026-06-20T02:36:20.773361+00:00,75.26,2026-06-18,25315224412.999996,267520932.38343748,True,consumer_finance,consumer_finance_model_not_supported,,,,,,,,,,,,,,,,,,,,,,,,,,,,,,,,,,,,,,,,,,,,,,,,,,,,,,,,,,,,,,,,,,,,,,,,,,,,,,,,,,,,,,
BEN,"Franklin Resources, Inc.",NYSE,common_stock,False,1983-09-23,Financial Services,Asset Management,US,519637161.99697435,1.593,17174008204.099998,2026-06-18,fmp:company-screener,2026-06-20T02:36:20.773361+00:00,33.05,2026-06-18,17174008204.0,144186675.3103125,True,asset_management,asset_management_model_not_supported,,,,,,,,,,,,,,,,,,,,,,,,,,,,,,,,,,,,,,,,,,,,,,,,,,,,,,,,,,,,,,,,,,,,,,,,,,,,,,,,,,,,,,
GPN,Global Payments Inc.,NYSE,common_stock,False,2001-01-16,Financial Services,Financial - Credit Services,US,236695113.99521533,0.767,15830169224.0,2026-06-18,fmp:company-screener,2026-06-20T02:36:20.773361+00:00,66.88,2026-06-18,15830169224.0,254201177.7090625,True,consumer_finance,consumer_finance_model_not_supported,,,,,,,,,,,,,,,,,,,,,,,,,,,,,,,,,,,,,,,,,,,,,,,,,,,,,,,,,,,,,,,,,,,,,,,,,,,,,,,,,,,,,,
IVZ,Invesco Ltd.,NYSE,common_stock,False,1995-08-25,Financial Services,Asset Management,US,443296629.0030211,1.589,12474367140.06,2026-06-18,fmp:company-screener,2026-06-20T02:36:20.773361+00:00,28.14,2026-06-18,12474367140.145014,147746499.600625,True,asset_management,asset_management_model_not_supported,,,,,,,,,,,,,,,,,,,,,,,,,,,,,,,,,,,,,,,,,,,,,,,,,,,,,,,,,,,,,,,,,,,,,,,,,,,,,,,,,,,,,,
FDS,FactSet Research Systems Inc.,NYSE,common_stock,False,1996-06-28,Financial Services,Financial - Data & Stock Exchanges,US,36431127.00076822,0.707,8061844093.83,2026-06-18,fmp:company-screener,2026-06-20T02:36:20.773361+00:00,221.29,2026-06-18,8061844094.0,234372352.6871875,True,financial_other,financial_sector_model_not_supported,,,,,,,,,,,,,,,,,,,,,,,,,,,,,,,,,,,,,,,,,,,,,,,,,,,,,,,,,,,,,,,,,,,,,,,,,,,,,,,,,,,,,,
HOOD,"Robinhood Markets, Inc.",NASDAQ,common_stock,False,2021-07-29,Financial Services,Financial - Capital Markets,US,900505087.9981507,2.348,97389625267.20001,2026-06-18,fmp:company-screener,2026-06-20T02:36:20.773361+00:00,108.15,2026-06-18,97389625267.0,2387392380.0765624,True,asset_management,asset_management_model_not_supported,,,,,,,,,,,,,,,,,,,,,,,,,,,,,,,,,,,,,,,,,,,,,,,,,,,,,,,,,,,,,,,,,,,,,,,,,,,,,,,,,,,,,,
CME,CME Group Inc.,NASDAQ,common_stock,False,2002-12-06,Financial Services,Financial - Data & Stock Exchanges,US,362356000.0,0.244,92201484200.0,2026-06-18,fmp:company-screener,2026-06-20T02:36:20.773361+00:00,246.38,2026-06-18,89277271280.0,787519923.2915626,True,financial_other,financial_sector_model_not_supported,,,,,,,,,,,,,,,,,,,,,,,,,,,,,,,,,,,,,,,,,,,,,,,,,,,,,,,,,,,,,,,,,,,,,,,,,,,,,,,,,,,,,,
NDAQ,"Nasdaq, Inc.",NASDAQ,common_stock,False,2002-07-01,Financial Services,Financial - Data & Stock Exchanges,US,565541000.0,0.974,46510091840.0,2026-06-18,fmp:company-screener,2026-06-20T02:36:20.773361+00:00,82.24,2026-06-18,46510091840.0,290454201.6765625,True,financial_other,financial_sector_model_not_supported,,,,,,,,,,,,,,,,,,,,,,,,,,,,,,,,,,,,,,,,,,,,,,,,,,,,,,,,,,,,,,,,,,,,,,,,,,,,,,,,,,,,,,
COIN,"Coinbase Global, Inc.",NASDAQ,common_stock,False,2021-04-14,Financial Services,Financial - Data & Stock Exchanges,US,263459492.9988975,3.32,42453862702.02,2026-06-18,fmp:company-screener,2026-06-20T02:36:20.773361+00:00,163.26,2026-06-18,43012396827.0,1727374190.6425,True,financial_other,financial_sector_model_not_supported,,,,,,,,,,,,,,,,,,,,,,,,,,,,,,,,,,,,,,,,,,,,,,,,,,,,,,,,,,,,,,,,,,,,,,,,,,,,,,,,,,,,,,
PYPL,"PayPal Holdings, Inc.",NASDAQ,common_stock,False,2015-07-06,Financial Services,Financial - Credit Services,US,882105492.9898847,1.336,37498304507.43,2026-06-18,fmp:company-screener,2026-06-20T02:36:20.773361+00:00,42.51,2026-06-18,37498304507.0,702052946.2925,True,consumer_finance,consumer_finance_model_not_supported,,,,,,,,,,,,,,,,,,,,,,,,,,,,,,,,,,,,,,,,,,,,,,,,,,,,,,,,,,,,,,,,,,,,,,,,,,,,,,,,,,,,,,
ALNY,"Alnylam Pharmaceuticals, Inc.",NASDAQ,common_stock,False,2004-06-01,Healthcare,Biotechnology,US,133512573.00154628,0.267,37746674638.560005,2026-06-18,fmp:company-screener,2026-06-20T02:36:20.773361+00:00,278.09,2026-06-18,37128511426.0,345834789.6621875,True,biotech_preprofit,preprofit_biotech_not_supported,,,,,,,,,,,,,,,,,,,,,,,,,,,,,,,,,,,,,,,,,,,,,,,,,,,,,,,,,,,,,,,,,,,,,,,,,,,,,,,,,,,,,,
MRNA,"Moderna, Inc.",NASDAQ,common_stock,False,2018-12-07,Healthcare,Biotechnology,US,396786000.0,1.03,25378432560.0,2026-06-18,fmp:company-screener,2026-06-20T02:36:20.773361+00:00,63.96,2026-06-18,25378432560.0,356725420.33875,True,biotech_preprofit,preprofit_biotech_not_supported,,,,,,,,,,,,,,,,,,,,,,,,,,,,,,,,,,,,,,,,,,,,,,,,,,,,,,,,,,,,,,,,,,,,,,,,,,,,,,,,,,,,,,
PFG,"Principal Financial Group, Inc.",NASDAQ,common_stock,False,2001-10-23,Financial Services,Asset Management,US,216012384.0010952,0.896,23668476914.879997,2026-06-18,fmp:company-screener,2026-06-20T02:36:20.773361+00:00,109.57,2026-06-18,23668476915.0,129287291.3459375,True,asset_management,asset_management_model_not_supported,,,,,,,,,,,,,,,,,,,,,,,,,,,,,,,,,,,,,,,,,,,,,,,,,,,,,,,,,,,,,,,,,,,,,,,,,,,,,,,,,,,,,,
TROW,"T. Rowe Price Group, Inc.",NASDAQ,common_stock,False,1986-04-02,Financial Services,Asset Management,US,214267000.0,1.519,23166548040.0,2026-06-18,fmp:company-screener,2026-06-20T02:36:20.773361+00:00,107.65,2026-06-18,23065842550.0,217872440.9184375,True,asset_management,asset_management_model_not_supported,,,,,,,,,,,,,,,,,,,,,,,,,,,,,,,,,,,,,,,,,,,,,,,,,,,,,,,,,,,,,,,,,,,,,,,,,,,,,,,,,,,,,,
INSM,Insmed Incorporated,NASDAQ,common_stock,False,2000-06-01,Healthcare,Biotechnology,US,216752000.0,0.774,21339234400.0,2026-06-18,fmp:company-screener,2026-06-20T02:36:20.773361+00:00,95.8,2026-06-18,20764841600.0,477524262.4296875,True,biotech_preprofit,preprofit_biotech_not_supported,,,,,,,,,,,,,,,,,,,,,,,,,,,,,,,,,,,,,,,,,,,,,,,,,,,,,,,,,,,,,,,,,,,,,,,,,,,,,,,,,,,,,,
SBAC,SBA Communications Corporation,NASDAQ,common_stock,False,1999-06-16,Real Estate,REIT - Specialty,US,106063017.00112377,0.978,20318492166.69,2026-06-18,fmp:company-screener,2026-06-20T02:36:20.773361+00:00,186.87,2026-06-18,19819995987.0,255315801.15625,True,reit,specialist_missing_book_or_price,,,,,,,,,,,,,,,,,,,,,,,,,,,,,,,,,,,,,,,,,,,,,,,,,,,,,,,,,,,,,,,,,,,,,,,,,,,,,,,,,,,,,,
ACN,Accenture plc,NYSE,common_stock,False,2001-07-19,Technology,Information Technology Services,US,615435169.0029691,1.069,78763392928.62,2026-06-18,fmp:company-screener,2026-06-20T02:36:20.773361+00:00,127.98,2026-06-18,78763392929.0,1088377857.3696876,True,,material_event_requires_reunderwriting,weekly_drop:-28%,,,,,,,,,,,,,,,,,,,,,,,,,,,,,,,,,,,,,,,,,,,,,,,,,,,,,,,,,,,,,,,,,,,,,,,,,,,,,,,,,,,,,
SMCI,"Super Micro Computer, Inc.",NASDAQ,common_stock,False,2007-03-29,Technology,Computer Hardware,US,601418481.9960861,1.869,18439490658.12,2026-06-18,fmp:company-screener,2026-06-20T02:36:20.773361+00:00,30.66,2026-06-18,18439490658.0,1417988678.0446875,True,,material_event_requires_reunderwriting,weekly_drop:-26%,,,,,,,,,,,,,,,,,,,,,,,,,,,,,,,,,,,,,,,,,,,,,,,,,,,,,,,,,,,,,,,,,,,,,,,,,,,,,,,,,,,,,
CHTR,"Charter Communications, Inc.",NASDAQ,common_stock,False,2010-01-05,Communication Services,Telecommunications Services,US,141178369.00102985,0.707,17820945518.87,2026-06-18,fmp:company-screener,2026-06-20T02:36:20.773361+00:00,126.23,2026-06-18,17820945519.0,595248050.2846875,True,,material_event_requires_reunderwriting,drawdown_from_high:-48%,,,,,,,,,,,,,,,,,,,,,,,,,,,,,,,,,,,,,,,,,,,,,,,,,,,,,,,,,,,,,,,,,,,,,,,,,,,,,,,,,,,,,
XOM,Exxon Mobil Corporation,NYSE,common_stock,False,1978-01-13,Energy,Oil & Gas Integrated,US,4144950000.0,0.149,571215559500.0,2026-06-18,fmp:company-screener,2026-06-20T02:36:20.773361+00:00,137.81,2026-06-18,571215559500.0,3035489703.63625,True,general_dcf,insufficient_model_confidence,,8.0,2025.0,ttm,2026-05-04,discrete,ok,326008000000.0,0.02137513326454399,0.29228653601807575,0.2549231920689063,0.09011128561262301,29377000000.0,0.0,0.09579267470512298,31229178295.267735,22523632421.739574,26641311379.15494,6.368948453061186,0.09454531088381184,0.27876320635843754,0.07216371982550887,0.08643896132487533,39226000000.0,47661000000.0,True,42.39105339105339,0.6950158578288064,0.0,-0.131828998326252,-0.4585496721285695,False,17230000000.0,20337000000.0,-0.0017470058605750793,1.6336698337292161,4183000000.0,unchecked,,0.0,0.22279540920608443,0.24205298013232526,True,0.0446,0.06755037715041513,0.04298571290103712,0.004613342675093737,45.0,1.0,0.4053,7.0,0.29228653601807575,0.3382,cyclical_revenue,,,,,,,,,,,,,,,,,,,,,,,,,,,,,,,,
CVX,Chevron Corporation,NYSE,common_stock,False,1921-06-24,Energy,Oil & Gas Integrated,US,1991600000.0,0.472,345801508000.0,2026-06-18,fmp:company-screener,2026-06-20T02:36:20.773361+00:00,173.63,2026-06-18,345801508000.0,1992432891.5246875,True,general_dcf,insufficient_model_confidence,,8.0,2025.0,ttm,2026-05-07,discrete,ok,185887000000.0,0.02151287461971707,0.3378424505974167,0.2543050347791938,0.08401340599396408,15617000000.0,0.0,0.09720176629979874,18068544732.17069,12952142787.436766,17846097331.851788,8.986402805706122,0.08021670221770562,0.2831662439102951,0.05001694562082441,0.006594393908605934,40105000000.0,45428000000.0,True,11.568148148148149,1.071352246620719,0.0,-0.14172743005863106,-1.5535461710219343,False,13293000000.0,10510000000.0,0.0077772420189685665,1.7831379876564182,1985900000.0,unchecked,,0.0,0.24520868133233442,0.2877886002900017,True,0.0446,0.06647918453929587,0.04272329186294641,-0.016462238918471456,42.0,1.0,0.3337,5.0,0.3378424505974167,0.3137,cyclical_revenue;incremental_roic_below_wacc,,,,,,,,,,,,,,,,,,,,,,,,,,,,,,,,
COP,ConocoPhillips,NYSE,common_stock,False,1981-12-31,Energy,Oil & Gas Exploration & Production,US,1218294006.9983294,0.106,135486476518.46999,2026-06-18,fmp:company-screener,2026-06-20T02:36:20.773361+00:00,107.74,2026-06-18,131258996314.0,1017064495.5074999,True,general_dcf,insufficient_model_confidence,,8.0,2025.0,ttm,2026-04-30,discrete,ok,58310000000.0,0.0708056175442664,0.6111172904610209,0.29183673469387755,0.18281598353627165,10660000000.0,0.0,0.24257084433533482,14144305933.193373,9360055081.197824,9490794450.47682,7.747840297215272,0.1211406341540886,0.3382457134759813,0.08655052689216661,-0.02620071248387966,16964000000.0,23327000000.0,True,9.416961130742049,0.7600358422939069,0.0,-1.5603375427460078,-2.493948020030504,False,4029000000.0,4524000000.0,-0.014071951486317569,2.1831199826426557,1224960000.0,unchecked,,0.0,0.16135884545884815,0.3304269392726866,True,0.0446,0.06504894505862666,0.039440555476831514,0.02150158183353995,49.0,1.0,0.636,8.0,0.6111172904610209,0.3463,cyclical_revenue;incremental_roic_below_wacc,,,,,,,,,,,,,,,,,,,,,,,,,,,,,,,,
MPC,Marathon Petroleum Corporation,NYSE,common_stock,False,2011-06-24,Energy,Oil & Gas Refining & Marketing,US,291937000.0,0.522,70914416670.0,2026-06-18,fmp:company-screener,2026-06-20T02:36:20.773361+00:00,242.91,2026-06-18,70914416670.0,581787171.0353125,True,general_dcf,insufficient_model_confidence,,8.0,2025.0,ttm,2026-05-05,discrete,ok,135750000000.0,0.06377033340935179,0.358821335624292,0.0879926335174954,0.05022467771639042,6818000000.0,0.0,0.04180573261894174,5675128203.021341,4532313409.404134,5266324376.536614,17.851947039107166,0.0807112885285722,0.20137250696976194,0.11128683468525512,0.2046404537909565,32175000000.0,34326000000.0,True,4.757850662944871,4.177486367177356,0.0,0.6092160543672207,0.07988544098060193,False,1150000000.0,3181000000.0,-0.1700394723583183,2.039288361749444,295000000.0,unchecked,,0.0,0.19470825519464174,0.3698698698692986,True,0.0446,0.065,0.04759819858460219,0.046286834685255115,44.0,1.0,0.5271,9.0,0.358821335624292,0.3181,elevated_leverage;thin_interest_coverage;cyclical_revenue,,,,,,,,,,,,,,,,,,,,,,,,,,,,,,,,
VLO,Valero Energy Corporation,NYSE,common_stock,False,1982-01-04,Energy,Oil & Gas Refining & Marketing,US,296933000.0,0.553,71195625410.0,2026-06-18,fmp:company-screener,2026-06-20T02:36:20.773361+00:00,236.3,2026-06-18,70165267900.0,766570565.5015625,True,general_dcf,insufficient_model_confidence,,8.0,2025.0,ttm,2026-04-30,discrete,ok,126168000000.0,0.006762829683323979,0.38704754675902103,0.07240346205059921,0.046065563375816375,5812000000.0,0.0,0.03527931484866552,4451120595.826431,3526608543.905015,4858947372.542422,16.30519252531014,0.03331762321579849,0.20770321361058602,0.15542152431805298,1.322717358761822,5758000000.0,11491000000.0,True,10.397137745974955,0.6314288847461345,0.0,0.6337423035297761,0.010330262516767497,False,1408000000.0,2925000000.0,-0.09042113737625035,2.412635379061372,298000000.0,unchecked,,0.0,0.13303943259830997,0.31288343558215054,True,0.0446,0.06872780228019809,0.04722088846880907,0.08669372203785489,49.0,1.0,0.6112,10.0,0.38704754675902103,0.3478,cyclical_revenue,,,,,,,,,,,,,,,,,,,,,,,,,,,,,,,,
PSX,Phillips 66,NYSE,common_stock,False,2012-04-12,Energy,Oil & Gas Refining & Marketing,US,400935020.00120384,0.674,67024307293.399994,2026-06-18,fmp:company-screener,2026-06-20T02:36:20.773361+00:00,166.14,2026-06-18,66611344223.0,466695170.15875,True,general_dcf,insufficient_model_confidence,,8.0,2025.0,ttm,2026-04-29,discrete,ok,135770000000.0,0.024917086063704685,0.37506775341609794,0.07044266038152758,0.04668188848788392,6338000000.0,0.0,0.028322227427678655,3845308817.855931,3108091880.780153,3527048196.192562,8.746055888176402,0.026710615930276117,0.19171852561033986,0.10143930903096246,0.09227967285465476,21974000000.0,27124000000.0,True,5.740942028985507,2.3486532706284735,0.0,0.7205814321595749,-1.71690178072972,False,1962000000.0,1229000000.0,-0.05226021174203899,1.126958891664774,403273000.0,unchecked,,0.0,0.1828884615561841,0.363733068572768,True,0.0446,0.06958237982398827,0.048173575873623746,0.031856929206974194,50.0,1.0,0.4077,6.0,0.37506775341609794,0.302,cyclical_revenue;peak_cycle_margins,,,,,,,,,,,,,,,,,,,,,,,,,,,,,,,,
CCL,Carnival Corporation & plc,NYSE,common_stock,False,1987-07-24,Consumer Cyclical,Leisure,US,1385139556.0090702,2.331,42759258093.72,2026-06-18,fmp:company-screener,2026-06-20T02:36:20.773361+00:00,30.87,2026-06-18,42759258094.0,732892491.3559375,True,general_dcf,insufficient_model_confidence,,8.0,2025.0,ttm,2026-03-27,discrete,ok,26976000000.0,0.05031559217653592,1.9578577402819028,0.37548190984578883,0.16852016607354686,4546000000.0,0.0,0.11671246308243946,3148435404.111887,2833591863.7006984,589666651.2295651,0.4236111000212393,1.3002989475891424,0.1,0.10706547338671692,14.15054347826087,25183000000.0,26607000000.0,True,3.65728077232502,3.4132556248305774,0.0024779185484193277,0.6291539800078264,0.2926830040257596,False,208000000.0,0.0,0.05662060608119557,2.6721173338174333,1392000000.0,unchecked,,0.0,0.04528831573248371,0.018318965544358093,True,0.0446,0.12854248833438742,0.07614000000000001,-0.0214770149476705,83.0,1.0,0.0,0.0,1.9578577402819028,0.3445,elevated_leverage;thin_interest_coverage;ongoing_dilution;cyclical_revenue,,,,,,,,,,,,,,,,,,,,,,,,,,,,,,,,
MOS,The Mosaic Company,NYSE,common_stock,False,1988-01-26,Basic Materials,Agricultural Inputs,US,317846644.01746726,0.808,7278688147.599999,2026-06-18,fmp:company-screener,2026-06-20T02:36:20.773361+00:00,22.9,2026-06-18,7278688148.0,224132052.4853125,True,general_dcf,insufficient_model_confidence,,8.0,2025.0,annual,2026-02-27,annual,annual_anchor,12052400000.0,0.033229377034890595,0.28633654438079925,0.15075005807971856,0.08709468653546182,1049700000.0,0.0,0.09196034797187076,1108342897.8961751,827895608.4688139,543780144.420131,1.705174488617532,0.10375908132929813,0.25303296476180637,0.04588602961700932,-0.37217194465372566,5002900000.0,5279500000.0,True,4.821773082223243,2.38278719756144,0.0027599097553318097,-0.1332290169735289,-2.9602331021218133,False,280400000.0,0.0,-0.03601966659514766,2.066443471542622,318900000.0,unchecked,,0.0,0.04399840303345992,0.1572327043919874,True,0.0446,0.06798176498759896,0.04451923530019634,-0.02209573537058964,111.0,0.85,0.225,4.0,0.28633654438079925,0.3366,thin_interest_coverage;cyclical_revenue;incremental_roic_below_wacc,,,,,,,,,,,,,,,,,,,,,,,,,,,,,,,,
TSLA,"Tesla, Inc.",NASDAQ,common_stock,False,2010-06-29,Consumer Cyclical,Auto - Manufacturers,US,3755720000.0,1.798,1487494218920.0,2026-06-18,fmp:company-screener,2026-06-20T02:36:20.773361+00:00,400.49,2026-06-18,1504128302800.0,22559569050.90875,True,general_dcf,insufficient_model_confidence,,8.0,2025.0,ttm,2026-04-23,discrete,ok,97879000000.0,0.23646656210970574,0.2476122366918237,0.1906537663850264,0.05003116092318066,4897000000.0,0.0,0.06783126614962924,6639256499.45956,5595106026.775957,2525465374.9666557,0.7138115813924973,0.05731395919486214,0.15726918710982143,0.08491640848523589,-0.0727933544103712,-35514000000.0,9229000000.0,True,14.44542772861357,-3.1742938863067574,0.02046268809499437,-0.3102094430367179,0.32603367171397407,False,0.0,0.0,0.006007009057191759,2.0929873772791026,3538000000.0,unchecked,,0.0,0.0836523594673837,0.1891009791299531,True,0.0446,0.1339860712910956,0.050226756448254646,-0.04906966280585971,56.0,1.0,0.2153,3.0,0.2476122366918237,0.3256,cyclical_revenue;incremental_roic_below_wacc,,,,,,,,,,,,,,,,,,,,,,,,,,,,,,,,
LHX,"L3Harris Technologies, Inc.",,,,,Industrials,Aerospace & Defense,,,,,,,,294.82,2026-06-18,54923491900.0,,True,general_dcf,invalid_valuation_output,,8.0,2025.0,ttm,2026-04-30,,,,0.18155465427374273,,,0.09934599813142324,,,0.09833066544706151,,,,,,,0.061126734566712984,0.009203348926480491,,,,,3.1317626527050613,0.01647870642154591,,,,,,-0.009152778754501045,,,,,,,,,,0.07994853579217634,,-0.018821801225463355,,1.0,0.3876,,,,elevated_leverage;thin_interest_coverage;incremental_roic_below_wacc,-0.5706027398628066,-0.95,-0.95,-0.19120547972561325,0.0,0.12,0.5,0.95,1.0699999999999998,0.95,1.0699999999999998,,56.644884778764236,,,,True,"growth destroys value: forward ROIC 2.5% at/below WACC 8.0%, so higher-growth scenarios reinvest below the cost of capital and are worth less than the bear case",-0.8078662072492903,,0.3876,-1.0699999999999998,,invalid,invalid_valuation_output,irr_5y[bear];irr_5y[bull];scenario[bear];scenario[bull],reinvestment_cap_hit,,False,ok,False,
BKNG,Booking Holdings Inc.,,,,,Consumer Cyclical,Travel Services,,,,,,,,171.78,2026-06-18,133108617736.0,,True,general_dcf,roic_not_meaningful:meaningless_capital,,8.0,2025.0,ttm,2026-04-28,,,,0.09210498198705142,,,0.3427962581717051,,,0.30839491031182165,,,,,,,-1.296699045803743,,,,,,0.28600823045267487,0.024806927217411654,,,,,,-0.07440976939684663,,,,,,,,,,0.09255520304468756,,-1.3892542488484305,,1.0,0.6131,,,0.4338,cyclical_revenue,,,,,,,,,,,,,,,,,,,,,,,,,,,,,,meaningless_capital,,
FTNT,"Fortinet, Inc.",,,,,Technology,Software - Infrastructure,,,,,,,,144.73,2026-06-18,106036201628.99998,,True,general_dcf,roic_not_meaningful:meaningless_capital,,8.0,2025.0,ttm,2026-05-08,,,,0.20864941060273168,,,0.310598494971517,,,0.21223779387210398,,,,,,,-1.093144402578954,,,,,,-1.1152696400813105,0.043302327143288896,,,,,,-0.02656998785497633,,,,,,,,,,0.09983224789596573,,-1.1929766504749197,,1.0,0.2182,,,0.6355,,,,,,,,,,,,,,,,,,,,,,,,,,,,,,,meaningless_capital,,
ABNB,"Airbnb, Inc.",,,,,Consumer Cyclical,Travel Services,,,,,,,,142.41,2026-06-18,84522275906.0,,True,general_dcf,roic_not_meaningful:meaningless_capital,,8.0,2025.0,ttm,2026-05-07,,,,0.18861479137930015,,,0.2049497904641417,,,0.1123329728199328,,,,,,,-1.094858455930283,4.443422297746731,,,,,-3.61707779886148,0.12673392181588902,,,,,,-0.03661867752640424,,,,,,,,,,0.1015361166717796,,-1.1963945726020626,,0.95,0.1125,,,0.3602,heavy_sbc;cyclical_revenue;peak_cycle_margins,,,,,,,,,,,,,,,,,,,,,,,,,,,,,,meaningless_capital,,
EXPE,"Expedia Group, Inc.",,,,,Consumer Cyclical,Travel Services,,,,,,,,240.9,2026-06-18,27582809100.0,,True,general_dcf,roic_not_meaningful:meaningless_capital,,8.0,2025.0,ttm,2026-05-08,,,,0.03964046576130609,,,0.16149232087535428,,,0.07764508327479386,,,,,,,-0.6796459880891328,,,,,,-0.9973102211595936,0.03216761430017914,,,,,,-0.09015895454406941,,,,,,,,,,0.09844265448105888,,-0.7780886425701916,,0.85,0.3937,,,0.3969,cyclical_revenue;peak_cycle_margins,,,,,,,,,,,,,,,,,,,,,,,,,,,,,,meaningless_capital,,
VRSN,"VeriSign, Inc.",,,,,Technology,Software - Infrastructure,,,,,,,,264.64,2026-06-18,24082240000.0,,True,general_dcf,roic_not_meaningful:meaningless_capital,,8.0,2025.0,ttm,2026-04-23,,,,0.045288243162276975,,,0.6793013307984791,,,0.6581874834837056,,,,,,,-0.9411568628911792,,,,,,1.0563945055882604,0.03998392605987543,,,,,,-0.05273176281409042,,,,,,,,,,0.07683910076516072,,-1.0179959636563398,,1.0,0.2933,,,0.8495,,,,,,,,,,,,,,,,,,,,,,,,,,,,,,,meaningless_capital,,
CSGP,"CoStar Group, Inc.",,,,,Real Estate,Real Estate - Services,,,,,,,,30.12,2026-06-18,12299674136.0,,True,general_dcf,roic_not_meaningful:meaningless_capital,,8.0,2025.0,ttm,2026-04-29,,,,0.15393417399277043,,,-0.007561769102259738,,,0.190487205124872,,,,,,,-0.0025122055024257867,-0.0800471048627112,,,,,-0.6459948320413437,0.034623217922606926,,,,,,0.013435211585532514,,,,,,,,,,0.07916900820511244,,-0.08168121370753822,,1.0,0.4235,,,0.7121,thin_interest_coverage;incremental_roic_below_wacc,,,,,,,,,,,,,,,,,,,,,,,,,,,,,,meaningless_capital,,
PFE,Pfizer Inc.,,,,,Healthcare,Drug Manufacturers - General,,,,,,,,25.21,2026-06-18,143682882400.0,,True,general_dcf,insufficient_post_valuation_model_confidence,,8.0,2025.0,ttm,2026-05-05,,,,0.022244399137135495,,,0.23446260759693596,,,0.251237204699979,,,,,,,0.09443317477258431,-0.08432284924605535,,,,,2.3973497573721536,0.008815676792101153,,,,,,-0.00011629935558732374,,,,,,,,,,0.065,,0.02943317477258431,,1.0,0.7072,,,0.32440500000000005,cyclical_revenue;incremental_roic_below_wacc,0.015251075976993933,0.04901076145470145,-0.2674773453036322,0.23046012630220503,0.25,0.12,0.25,0.2674773453036322,0.3874773453036322,0.2674773453036322,0.3874773453036322,5.06800374687038,22.958721599157784,53.484340342867725,5.06800374687038,53.484340342867725,False,,-0.08930100757009984,0.2692365858029186,0.7072,-0.07098923854529854,0.32440500000000005,valid,,,forward_roic_floor_hit;wacc_floor_hit;reinvestment_cap_hit,,False,ok,False,
FCX,Freeport-McMoRan Inc.,,,,,Basic Materials,Copper,,,,,,,,68.68,2026-06-18,98731611528.32503,,True,general_dcf,insufficient_post_valuation_model_confidence,,8.0,2025.0,annual,2026-02-13,,,,0.04459196635694629,,,0.2443572510780467,,,0.26877164318609914,,,,,,,0.15517895775610127,-0.09281361335083443,,,,,0.8727443168502461,0.004282066391671577,,,,,,-0.0018412009428691034,,,,,,,,,,0.10484851396294083,,0.05033044379316044,,0.85,0.6732,,,0.34481700000000004,cyclical_revenue;incremental_roic_below_wacc,-0.1434143736012629,-0.14208733012201263,-0.27631439584656614,-0.01316843831446019,0.0,0.12,0.75,0.27631439584656614,0.39631439584656614,0.27631439584656614,0.39631439584656614,10.594703312078922,16.802220693842997,36.80605074760156,10.594703312078922,36.80605074760156,False,,-0.7553549695130606,0.15572846876605298,0.6732,-0.26208733012201263,0.29309445,valid,,,forward_roic_floor_hit;reinvestment_cap_hit,,False,ok,False,
RCL,Royal Caribbean Cruises Ltd.,,,,,Consumer Cyclical,Travel Services,,,,,,,,312.51,2026-06-18,83813619450.0,,True,general_dcf,insufficient_post_valuation_model_confidence,,8.0,2025.0,ttm,2026-04-30,,,,0.0951297578173238,,,0.27876876223624103,,,0.1948857423143996,,,,,,,0.14838854937278867,1.0322532938013589,,,,,3.087189902799942,0.009757457485363814,,,,,,0.020477559313449856,,,,,,,,,,0.117258771142126,,0.031129778230662666,,1.0,0.1644,,,0.29484,elevated_leverage;cyclical_revenue,-0.10283108303119654,-0.19291614246030803,-0.95,0.9245079527958298,0.25,0.12,0.75,0.95,1.0699999999999998,0.95,1.0699999999999998,-82.1508484702422,65.48663281034062,5232.59990711237,-82.1508484702422,5232.59990711237,False,,-0.79044948062353,0.9584087763979149,0.1644,-0.312916142460308,0.29484,valid,,,forward_roic_cap_hit;reinvestment_cap_hit,bull_return_extreme,True,ok,True,bear
CI,Cigna Corporation,,,,,Healthcare,Medical - Healthcare Plans,,,,,,,,279.27,2026-06-18,73875851361.0,,True,general_dcf,insufficient_post_valuation_model_confidence,,8.0,2025.0,ttm,2026-04-30,,,,0.28071776602947707,,,0.0342371125118729,,,0.046214788416645225,,,,,,,0.11515013086565208,,,,,,1.8788619874459933,0.0,,,,,,-0.054977349109980755,,,,,,,,,,0.065,,0.05015013086565208,,1.0,0.7373,,,0.3279771000000001,cyclical_revenue,0.32045028764696326,0.35601269321632567,-0.08752299740735904,0.6572987615625607,0.75,0.12,0.25,0.08752299740735904,0.20752299740735902,0.08752299740735904,0.20752299740735902,138.19878167731275,887.1510645230682,2612.7310427616694,138.19878167731275,2612.7310427616694,False,,2.176678714230201,0.3925715664849599,0.7373,0.23601269321632568,0.3279771000000001,valid,,,share_change_floor_hit;wacc_floor_hit;reinvestment_cap_hit,intrinsic_3x_price;bull_return_extreme,True,ok,False,
NUE,Nucor Corporation,,,,,Basic Materials,Steel,,,,,,,,243.83,2026-06-18,55530088030.0,,True,general_dcf,insufficient_post_valuation_model_confidence,,8.0,2025.0,ttm,2026-05-13,,,,0.0377659712539784,,,0.10043911007025762,,,0.11697359193322268,,,,,,,0.10333105094497737,-0.6325505968527176,,,,,0.9545641447368421,0.004093063334769496,,,,,,-0.04489176197068445,,,,,,,,,,0.12931890098582502,,-0.02598785004084765,,1.0,0.3119,,,0.292491,cyclical_revenue;incremental_roic_below_wacc,-0.1770986411022022,-0.13511568455724038,-0.5264529318053974,0.08828973651106936,0.0,0.12,0.75,0.5264529318053974,0.6464529318053974,0.5264529318053974,0.6464529318053974,8.353384972821846,52.46479308039882,194.858219866957,8.353384972821846,194.858219866957,False,,-0.7848304430119394,0.3285966041582334,0.3119,-0.2551156845572404,0.292491,valid,,,forward_roic_floor_hit;reinvestment_cap_hit,,False,ok,False,
TRGP,Targa Resources Corp.,,,,,Energy,Oil & Gas Midstream,,,,,,,,258.58,2026-06-18,55502645520.0,,True,general_dcf,insufficient_post_valuation_model_confidence,,8.0,2025.0,ttm,2026-05-07,,,,0.07168159275251673,,,0.21111117895238155,,,0.12727401277133776,,,,,,,0.13488110868993863,0.11759726984571758,,,,,3.782660544988373,0.003801069351472614,,,,,,-0.023783437834287047,,,,,,,,,,0.07277919048312377,,0.06210191820681486,,1.0,0.6624,,,0.3303,elevated_leverage;cyclical_revenue;peak_cycle_margins,-0.278705677272228,-0.14292328595474824,-0.95,0.12102386282058436,0.25,0.12,0.75,0.95,1.0699999999999998,0.95,1.0699999999999998,-42.71818338584794,76.29327508393604,317.698668377516,-42.71818338584794,317.698668377516,False,,-0.7049529156008352,0.5556029314102922,0.6624,-0.26292328595474823,0.3303,valid,,,reinvestment_cap_hit,,False,ok,True,bear
OXY,Occidental Petroleum Corporation,,,,,Energy,Oil & Gas Exploration & Production,,,,,,,,51.82,2026-06-18,51541970206.0,,True,general_dcf,insufficient_post_valuation_model_confidence,,8.0,2025.0,ttm,2026-05-05,,,,0.047826061550417354,,,0.12392167011732229,,,0.18189802822830284,,,,,,,0.04131663793772317,-0.06896704238775772,,,,,0.9450199203187251,0.0,,,,,,-0.0006324691278082328,,,,,,,,,,0.06778028590891699,,-0.02646364797119382,,1.0,0.4233,,,0.325134,thin_interest_coverage;cyclical_revenue;incremental_roic_below_wacc,-0.2323716373823117,-0.06979453640524297,-0.95,0.160102523281239,0.25,0.12,0.75,0.95,1.0699999999999998,0.95,1.0699999999999998,-0.07041227584102704,24.405245907577868,79.61535599341404,-0.07041227584102704,79.61535599341404,False,,-0.529038095183754,0.5752972416406195,0.4233,-0.18979453640524296,0.325134,valid,,,forward_roic_floor_hit;reinvestment_cap_hit,,False,ok,True,bear
XYZ,"Block, Inc.",,,,,Technology,Software - Infrastructure,,,,,,,,74.78,2026-06-18,44507634058.0,,True,general_dcf,insufficient_post_valuation_model_confidence,,8.0,2025.0,ttm,2026-05-07,,,,0.32932929414529255,,,0.11744055064285595,,,0.007378305230987299,,,,,,,0.15598853072854496,0.13986343940496004,,,,,-1.7260301310687356,0.052766311653143834,,,,,,0.010617238990048072,,,,,,,,,,0.14,,0.015988530728544947,,0.85,0.1391,,,0.285849,heavy_sbc;cyclical_revenue;peak_cycle_margins;incremental_roic_below_wacc,-0.23762940042943229,-0.2576855277176946,-0.36360910088988024,-0.07153744539245963,0.0,0.12,1.0,0.36360910088988024,0.48360910088988024,0.36360910088988024,0.48360910088988024,9.470780939924614,12.095715602991428,28.97216929254298,9.470780939924614,28.97216929254298,False,,-0.8382493233084859,0.17196035774871032,0.1391,-0.3776855277176946,0.24297165,valid,,,wacc_cap_hit;reinvestment_cap_hit,,False,ok,False,
IR,Ingersoll Rand Inc.,,,,,Industrials,Industrial - Machinery,,,,,,,,77.91,2026-06-18,30489052737.0,,True,general_dcf,insufficient_post_valuation_model_confidence,,8.0,2025.0,ttm,2026-04-29,,,,0.1610637783941562,,,0.18058679143338346,,,0.15142001611754555,,,,,,,0.07830225312270404,0.19643000235481492,,,,,1.8520132835201328,0.007547883247771265,,,,,,-0.014979635042220552,,,,,,,,,,0.09630255626570473,,-0.01800030314300069,,1.0,0.2498,,,0.34704,cyclical_revenue,-0.2371081415054504,-0.16359821187797932,-0.6561390720831695,0.03490292981732641,0.0,0.12,0.75,0.6561390720831695,0.7761390720831695,0.6561390720831695,0.7761390720831695,-0.3120886488680466,21.203148125804706,56.375169563378975,-0.3120886488680466,56.375169563378975,False,,-0.7278507492516403,0.365109800950248,0.2498,-0.2835982118779793,0.34704,valid,,,reinvestment_cap_hit,,False,ok,False,
DVN,Devon Energy Corporation,,,,,Energy,Oil & Gas Exploration & Production,,,,,,,,42.12,2026-06-18,26174678395.0,,True,general_dcf,insufficient_post_valuation_model_confidence,,8.0,2025.0,ttm,2026-05-06,,,,0.09865543909633834,,,0.18835761349211147,,,0.24335070512560336,,,,,,,0.11008985011601642,0.05344577191116125,,,,,1.011039832910637,0.00609516319307904,,,,,,-0.016081632778892296,,,,,,,,,,0.065,,0.04508985011601642,,1.0,0.6057,,,0.26739720000000006,cyclical_revenue;incremental_roic_below_wacc,0.27416081825213046,0.2979486192110926,-0.13994865793501948,0.640694692521356,0.75,0.12,0.25,0.13994865793501948,0.2599486579350195,0.13994865793501948,0.2599486579350195,16.20415224800748,115.90467032007768,386.74411085335555,16.20415224800748,386.74411085335555,False,,1.7517727996219774,0.41229975922818773,0.6057,0.17794861921109262,0.26739720000000006,valid,,,base_growth_cap_hit;wacc_floor_hit;reinvestment_cap_hit;intrinsic_2x_price,bull_return_extreme,True,ok,False,
IFF,International Flavors & Fragrances Inc.,,,,,Basic Materials,Chemicals - Specialty,,,,,,,,76.72,2026-06-18,19586882449.0,,True,general_dcf,insufficient_post_valuation_model_confidence,,8.0,2025.0,ttm,2026-05-05,,,,0.15474910231569639,,,0.07563959955506118,,,0.07201006934549255,,,,,,,0.034781722360572184,,,,,,2.804162219850587,0.0056625141562853904,,,,,,0.0026075737341737515,,,,,,,,,,0.08251280041471576,,-0.047731078054143575,,1.0,0.225,,,0.33984,thin_interest_coverage;cyclical_revenue,-0.33654914248472767,-0.2654593434592242,-0.95,0.1347221169795376,0.25,0.12,0.75,0.95,1.0699999999999998,0.95,1.0699999999999998,-18.754692867560916,5.397810768907343,95.45892262131177,-18.754692867560916,95.45892262131177,False,,-0.9296427167764945,0.5621658584897687,0.225,-0.38545934345922417,0.33984,valid,,,reinvestment_cap_hit,,False,ok,True,bear
CF,"CF Industries Holdings, Inc.",,,,,Basic Materials,Agricultural Inputs,,,,,,,,102.93,2026-06-18,15813032970.000002,,True,general_dcf,insufficient_post_valuation_model_confidence,,8.0,2025.0,ttm,2026-05-07,,,,0.0693970500262917,,,0.35682462535439446,,,0.31057439237664275,,,,,,,0.31208152796787686,0.12291746992958627,,,,,0.4447576099210823,0.006064690026954178,,,,,,-0.08877789063171027,,,,,,,,,,0.06570661307698128,,0.24637491489089558,,1.0,0.8943,,,0.29718900000000004,cyclical_revenue,0.35810350686952014,0.3878729011281395,0.06475730687379841,0.5919109183480031,0.75,0.12,0.0,0.0,0.055242693126201586,0.0,0.055242693126201586,101.8213711711525,335.7800277394206,726.6484846630183,101.8213711711525,726.6484846630183,False,,2.2622173102051932,0.28466113573710233,0.8943,0.2678729011281395,0.29718900000000004,valid,,,share_change_floor_hit;reinvestment_cap_hit,intrinsic_3x_price,True,ok,False,
BLDR,"Builders FirstSource, Inc.",,,,,Industrials,Construction,,,,,,,,80.59,2026-06-18,8668260400.0,,True,general_dcf,insufficient_post_valuation_model_confidence,,8.0,2025.0,ttm,2026-04-30,,,,0.10142713470583886,,,0.04181925369449369,,,0.08040553338465037,,,,,,,0.052331275047744256,-0.7504917448173807,,,,,4.276196098579535,0.0035226960184292456,,,,,,-0.12406755532779667,,,,,,,,,,0.09761676023251306,,-0.045285485184768805,,1.0,0.5976,,,0.31419900000000006,elevated_leverage;thin_interest_coverage;cyclical_revenue;incremental_roic_below_wacc,-0.26351129758550085,-0.14101656263228501,-0.95,0.1779879349225667,0.25,0.12,0.75,0.95,1.0699999999999998,0.95,1.0699999999999998,-25.749364295152397,11.254249034918447,112.84152214177298,-25.749364295152397,112.84152214177298,False,,-0.860351792593145,0.5845679974612833,0.5976,-0.261016562632285,0.31419900000000006,valid,,,forward_roic_floor_hit;share_change_floor_hit;reinvestment_cap_hit,,False,ok,True,bear
NVDA,NVIDIA Corporation,,,,,Technology,Semiconductors,,,,,,,,210.69,2026-06-18,5103122490000.0,,True,general_dcf,insufficient_post_valuation_model_confidence,,8.0,2026.0,ttm,2026-05-20,,,,0.5163268176717339,,,0.6402002437956377,,,0.3488807007223773,,,,,,,1.1436037771305083,1.2181591200485862,,,,,-0.40937926701064564,0.03629968505023104,,,,,,-0.009110809543960374,,,,,,,,,,0.14,,1.0036037771305084,,1.0,0.8597,,,0.3443796,cyclical_revenue;peak_cycle_margins,-0.18719658215850357,-0.18140689889551137,-0.33196804959734433,-0.05400448124564716,0.0,0.12,0.75,0.33196804959734433,0.4519680495973443,0.33196804959734433,0.4519680495973443,22.909114040731968,50.1734675862826,90.6108350143437,22.909114040731968,90.6108350143437,False,,-0.7618611818962333,0.15865039617584858,0.8597,-0.30140689889551137,0.3443796,valid,,,base_growth_cap_hit;forward_roic_cap_hit;wacc_cap_hit,,False,ok,False,
MU,"Micron Technology, Inc.",,,,,Technology,Semiconductors,,,,,,,,1133.99,2026-06-18,1278834542700.0,,True,general_dcf,insufficient_post_valuation_model_confidence,,8.0,2025.0,ttm,2026-03-19,,,,0.030003556214882376,,,0.4852457888126086,,,0.24542062073250998,,,,,,,0.36977069432708837,0.19500453035336757,,,,,-0.10332133286414205,0.03317271315359802,,,,,,0.0053192490045776974,,,,,,,,,,0.14,,0.22977069432708835,,1.0,0.6493,,,0.300348,cyclical_revenue;peak_cycle_margins,-0.2893987770591593,-0.2756838117602456,-0.4801165705113817,-0.1261109142047644,0.0,0.12,1.0,0.4801165705113817,0.6001165705113817,0.4801165705113817,0.6001165705113817,47.94330037107058,136.05356741900266,309.9984207452821,47.94330037107058,309.9984207452821,False,,-0.8800222511494786,0.19799238815330863,0.6493,-0.3956838117602456,0.300348,valid,,,base_growth_cap_hit;wacc_cap_hit;reinvestment_cap_hit,,False,ok,False,
AMD,"Advanced Micro Devices, Inc.",,,,,Technology,Semiconductors,,,,,,,,537.37,2026-06-18,876235522000.0,,True,general_dcf,insufficient_post_valuation_model_confidence,,8.0,2025.0,ttm,2026-05-06,,,,0.270710183654467,,,0.11651625994553319,,,0.08371580449937913,,,,,,,0.070153252598864,0.0007905440241364166,,,,,-1.148042801029392,0.05456660849331006,,,,,,0.01648877328715903,,,,,,,,,,0.14,,-0.06984674740113601,,1.0,0.3728,,,0.28212300000000007,heavy_sbc;cyclical_revenue;incremental_roic_below_wacc,-0.42760737754560973,-0.42279468556153005,-0.5248590664785298,-0.3399810725808493,0.0,0.12,1.0,0.5248590664785298,0.6448590664785298,0.5248590664785298,0.6448590664785298,11.252309921200961,19.920243747447845,37.4140976184798,11.252309921200961,37.4140976184798,False,,-0.9629301156606289,0.11397530694884023,0.3728,-0.54279468556153,0.28212300000000007,valid,,,base_growth_cap_hit;wacc_cap_hit;reinvestment_cap_hit,,False,ok,False,
APP,AppLovin Corporation,,,,,Technology,Software - Application,,,,,,,,469.71,2026-06-18,157794156167.0,,True,general_dcf,insufficient_post_valuation_model_confidence,,8.0,2025.0,ttm,2026-05-06,,,,0.4146597473550675,,,0.7708820555881453,,,0.30745539335669747,,,,,,,1.3712427464879504,,,,,,0.15414002187855697,0.11456586699122659,,,,,,-0.030373028611091257,,,,,,,,,,0.14,,1.2312427464879505,,1.0,0.5555,,,0.30902310000000005,heavy_sbc;cyclical_revenue;peak_cycle_margins,-0.2693525134631272,-0.257804779928847,-0.49979698657480176,-0.06200350742001317,0.0,0.12,0.75,0.49979698657480176,0.6197969865748018,0.49979698657480176,0.6197969865748018,18.62602528225571,77.28183188403861,193.3766122364203,18.62602528225571,193.3766122364203,False,,-0.8354690513635251,0.2396260465773943,0.5555,-0.377804779928847,0.30902310000000005,valid,,,base_growth_cap_hit;forward_roic_cap_hit;wacc_cap_hit,,False,ok,False,
STLD,"Steel Dynamics, Inc.",,,,,Basic Materials,Steel,,,,,,,,249.91,2026-06-18,36040270830.0,,True,general_dcf,insufficient_post_valuation_model_confidence,,8.0,2025.0,ttm,2026-04-27,,,,0.06338270758670328,,,0.09408910384276574,,,0.1282361152060176,,,,,,,0.1082137415105311,-0.5172957329697684,,,,,1.5404214884102734,0.0032850737917894013,,,,,,-0.07779946279753047,,,,,,,,,,0.11292104295348823,,-0.004707301442957126,,1.0,0.6156,,,0.29211030000000004,cyclical_revenue;incremental_roic_below_wacc,-0.1183636621019104,-0.10734941865521244,-0.3304145181435161,0.07165870704629927,0.0,0.12,0.75,0.3304145181435161,0.4504145181435161,0.3304145181435161,0.4504145181435161,25.852989701513543,71.35945893567393,198.95661210532523,25.852989701513543,198.95661210532523,False,,-0.7144593696303712,0.22227330359490768,0.6156,-0.22734941865521244,0.29211030000000004,valid,,,forward_roic_floor_hit;share_change_floor_hit;reinvestment_cap_hit,,False,ok,False,
APA,APA Corporation,,,,,Energy,Oil & Gas Exploration & Production,,,,,,,,33.03,2026-06-18,11675114100.0,,True,general_dcf,insufficient_post_valuation_model_confidence,,8.0,2025.0,ttm,2026-05-07,,,,0.028082479749838907,,,0.34630124259667866,,,0.3184182911929025,,,,,,,0.19597132963435437,0.008723172606689075,,,,,0.7987575301204819,0.0,,,,,,0.020593996919940682,,,,,,,,,,0.065,,0.13097132963435437,,1.0,0.7238,,,0.340524,cyclical_revenue;incremental_roic_below_wacc,0.24128216385142884,0.2489843373186887,0.014848619420081402,0.45231136134825656,0.75,0.12,0.0,0.0,0.10515138057991859,0.0,0.10515138057991859,28.316068786882223,82.55119049362857,184.51662163460497,28.316068786882223,184.51662163460497,False,,1.499279155120453,0.23851565096408756,0.7238,0.1289843373186887,0.340524,valid,,,wacc_floor_hit;reinvestment_cap_hit;intrinsic_2x_price,,False,ok,False,
