ticker,name,exchange,security_type,is_adr,listing_date,sector,industry,country,shares_outstanding,beta,market_cap_hint,as_of,source,fetched_at,price,price_as_of,market_cap,avg_dollar_volume,is_price_fresh,model_family,watchlist_reason,event_flags,years_of_data,latest_fiscal_year,anchor_source,latest_filing_date,revenue,revenue_cagr,revenue_volatility,gross_margin,current_operating_margin,reported_operating_income,one_off_items_latest,normalized_operating_margin,normalized_operating_income,normalized_nopat,normalized_fcf,normalized_fcf_per_share,margin_volatility,tax_rate,roic,incremental_roic,net_debt,total_debt,interest_expense_known,interest_coverage,net_debt_to_ebitda,sbc_intensity,dividends_paid,buybacks,net_share_change_cagr,ocf_to_net_income,shares_diluted,analyst_growth,analyst_dispersion,has_estimates,risk_free,wacc,cost_of_debt_after_tax,roic_minus_wacc,filing_age_days,data_confidence,financial_persistence_score,roic_above_wacc_years,cyclicality,model_confidence,risk_flags,expected_irr,median_irr,p10_irr,p90_irr,above_hurdle_weight,hurdle_rate,permanent_loss_weight,expected_shortfall,hurdle_cvar,intrinsic_value_low,intrinsic_value_base,intrinsic_value_high,intrinsic_value_bear,intrinsic_value_bull,scenario_order_inversion,scenario_order_note,upside_to_base,model_uncertainty,business_quality,valuation_excess,evidence_confidence,valuation_status,invalid_reason,invalid_fields,assumption_flags,valuation_alerts,requires_manual_review,roic_status,catastrophic_tail_floor_applied,catastrophic_tail_scenarios
BRK-B,Berkshire Hathaway Inc.,NYSE,common_stock,False,1996-05-09,Financial Services,Insurance - Diversified,US,2156853722.001022,0.617,1055240683488.5,2026-06-12,fmp:company-screener,2026-06-14T15:29:49.849150+00:00,489.25,2026-06-12,1055240683489.0,2382209861.923333,True,insurance,insurance_model_not_supported,,,,,,,,,,,,,,,,,,,,,,,,,,,,,,,,,,,,,,,,,,,,,,,,,,,,,,,,,,,,,,,,,,,,,,,,,,,,
JPM,JPMorgan Chase & Co.,NYSE,common_stock,False,1980-03-17,Financial Services,Banks - Diversified,US,2679511418.0001245,1.0,859372901980.9601,2026-06-12,fmp:company-screener,2026-06-14T15:29:49.849150+00:00,320.72,2026-06-12,859372901981.0,2723183702.588182,True,bank,bank_model_not_supported,,,,,,,,,,,,,,,,,,,,,,,,,,,,,,,,,,,,,,,,,,,,,,,,,,,,,,,,,,,,,,,,,,,,,,,,,,,,
V,Visa Inc.,NYSE,common_stock,False,2008-03-19,Financial Services,Financial - Credit Services,US,1916826361.0006514,0.765,617965650522.7899,2026-06-12,fmp:company-screener,2026-06-14T15:29:49.849150+00:00,322.39,2026-06-12,617965650523.0,2388711436.689394,True,consumer_finance,consumer_finance_model_not_supported,,,,,,,,,,,,,,,,,,,,,,,,,,,,,,,,,,,,,,,,,,,,,,,,,,,,,,,,,,,,,,,,,,,,,,,,,,,,
MA,Mastercard Incorporated,NYSE,common_stock,False,2006-05-25,Financial Services,Financial - Credit Services,US,883583923.0009388,0.738,432938450591.54004,2026-06-12,fmp:company-screener,2026-06-14T15:29:49.849150+00:00,489.98,2026-06-12,432938450592.0,1833904325.4099998,True,consumer_finance,consumer_finance_model_not_supported,,,,,,,,,,,,,,,,,,,,,,,,,,,,,,,,,,,,,,,,,,,,,,,,,,,,,,,,,,,,,,,,,,,,,,,,,,,,
BAC,Bank of America Corporation,NYSE,common_stock,False,1973-02-21,Financial Services,Banks - Diversified,US,7096590650.999642,1.196,397551008269.02,2026-06-12,fmp:company-screener,2026-06-14T15:29:49.849150+00:00,56.02,2026-06-12,397551008269.0,1906657285.0775757,True,bank,bank_model_not_supported,,,,,,,,,,,,,,,,,,,,,,,,,,,,,,,,,,,,,,,,,,,,,,,,,,,,,,,,,,,,,,,,,,,,,,,,,,,,
MS,Morgan Stanley,NYSE,common_stock,False,1993-02-23,Financial Services,Financial - Capital Markets,US,1577284817.0014951,1.221,337602042230.68,2026-06-12,fmp:company-screener,2026-06-14T15:29:49.849150+00:00,214.04,2026-06-12,337602042231.0,1149611081.4269695,True,asset_management,asset_management_model_not_supported,,,,,,,,,,,,,,,,,,,,,,,,,,,,,,,,,,,,,,,,,,,,,,,,,,,,,,,,,,,,,,,,,,,,,,,,,,,,
GS,"The Goldman Sachs Group, Inc.",NYSE,common_stock,False,1999-05-04,Financial Services,Financial - Capital Markets,US,295007421.00023526,1.291,305521485484.44,2026-06-12,fmp:company-screener,2026-06-14T15:29:49.849150+00:00,1062.75,2026-06-12,313519136668.0,2048972040.911818,True,asset_management,asset_management_model_not_supported,,,,,,,,,,,,,,,,,,,,,,,,,,,,,,,,,,,,,,,,,,,,,,,,,,,,,,,,,,,,,,,,,,,,,,,,,,,,
WFC,Wells Fargo & Company,NYSE,common_stock,False,1972-06-01,Financial Services,Banks - Diversified,US,3060190000.0,0.93,256229708700.0,2026-06-12,fmp:company-screener,2026-06-14T15:29:49.849150+00:00,83.73,2026-06-12,256229708700.0,1309529462.5733333,True,bank,bank_model_not_supported,,,,,,,,,,,,,,,,,,,,,,,,,,,,,,,,,,,,,,,,,,,,,,,,,,,,,,,,,,,,,,,,,,,,,,,,,,,,
C,Citigroup Inc.,NYSE,common_stock,False,1977-01-03,Financial Services,Banks - Diversified,US,1705576977.0006435,1.115,238490828693.91003,2026-06-12,fmp:company-screener,2026-06-14T15:29:49.849150+00:00,139.83,2026-06-12,238490828694.0,1485778579.229394,True,bank,bank_model_not_supported,,,,,,,,,,,,,,,,,,,,,,,,,,,,,,,,,,,,,,,,,,,,,,,,,,,,,,,,,,,,,,,,,,,,,,,,,,,,
AXP,American Express Company,NYSE,common_stock,False,1972-06-01,Financial Services,Financial - Credit Services,US,682326443.0002458,1.058,218562806221.76,2026-06-12,fmp:company-screener,2026-06-14T15:29:49.849150+00:00,325.44,2026-06-12,222056317610.0,976468076.619697,True,consumer_finance,consumer_finance_model_not_supported,,,,,,,,,,,,,,,,,,,,,,,,,,,,,,,,,,,,,,,,,,,,,,,,,,,,,,,,,,,,,,,,,,,,,,,,,,,,
BLK,"BlackRock, Inc.",NYSE,common_stock,False,1999-10-01,Financial Services,Asset Management,US,155233989.0,1.434,160201476648.0,2026-06-12,fmp:company-screener,2026-06-14T15:29:49.849150+00:00,1032.0,2026-06-12,160201476648.0,717649606.4169697,True,asset_management,asset_management_model_not_supported,,,,,,,,,,,,,,,,,,,,,,,,,,,,,,,,,,,,,,,,,,,,,,,,,,,,,,,,,,,,,,,,,,,,,,,,,,,,
SCHW,The Charles Schwab Corporation,NYSE,common_stock,False,1987-09-22,Financial Services,Financial - Capital Markets,US,1739140000.0,0.773,158435654000.0,2026-06-12,fmp:company-screener,2026-06-14T15:29:49.849150+00:00,91.1,2026-06-12,158435654000.0,1001439738.8648485,True,asset_management,asset_management_model_not_supported,,,,,,,,,,,,,,,,,,,,,,,,,,,,,,,,,,,,,,,,,,,,,,,,,,,,,,,,,,,,,,,,,,,,,,,,,,,,
WELL,Welltower Inc.,NYSE,common_stock,False,1980-03-19,Real Estate,REIT - Healthcare Facilities,US,705914000.0,0.78,151227956220.0,2026-06-12,fmp:company-screener,2026-06-14T15:29:49.849150+00:00,214.23,2026-06-12,151227956220.0,690643924.8327273,True,reit,reit_model_not_supported,,,,,,,,,,,,,,,,,,,,,,,,,,,,,,,,,,,,,,,,,,,,,,,,,,,,,,,,,,,,,,,,,,,,,,,,,,,,
BX,Blackstone Inc.,NYSE,common_stock,False,2007-06-22,Financial Services,Asset Management,US,1201264407.9973938,1.585,147166902624.08002,2026-06-12,fmp:company-screener,2026-06-14T15:29:49.849150+00:00,122.79,2026-06-12,147503256658.0,873774666.0754546,True,asset_management,asset_management_model_not_supported,,,,,,,,,,,,,,,,,,,,,,,,,,,,,,,,,,,,,,,,,,,,,,,,,,,,,,,,,,,,,,,,,,,,,,,,,,,,
PLD,"Prologis, Inc.",NYSE,common_stock,False,1997-11-21,Real Estate,REIT - Industrial,US,932338000.0,1.334,138675954120.0,2026-06-12,fmp:company-screener,2026-06-14T15:29:49.849150+00:00,148.74,2026-06-12,138675954120.0,502939148.13848484,True,reit,reit_model_not_supported,,,,,,,,,,,,,,,,,,,,,,,,,,,,,,,,,,,,,,,,,,,,,,,,,,,,,,,,,,,,,,,,,,,,,,,,,,,,
SPGI,S&P Global Inc.,NYSE,common_stock,False,2016-04-28,Financial Services,Financial - Data & Stock Exchanges,US,296000000.0,1.076,123997360000.0,2026-06-12,fmp:company-screener,2026-06-14T15:29:49.849150+00:00,418.91,2026-06-12,123997360000.0,849957547.5481818,True,financial_other,financial_sector_model_not_supported,,,,,,,,,,,,,,,,,,,,,,,,,,,,,,,,,,,,,,,,,,,,,,,,,,,,,,,,,,,,,,,,,,,,,,,,,,,,
PGR,The Progressive Corporation,NYSE,common_stock,False,1980-03-17,Financial Services,Insurance - Property & Casualty,US,584337000.0,0.27,118684688070.00002,2026-06-12,fmp:company-screener,2026-06-14T15:29:49.849150+00:00,203.11,2026-06-12,118684688070.00002,600683181.0033333,True,insurance,insurance_model_not_supported,,,,,,,,,,,,,,,,,,,,,,,,,,,,,,,,,,,,,,,,,,,,,,,,,,,,,,,,,,,,,,,,,,,,,,,,,,,,
COF,Capital One Financial Corporation,NYSE,common_stock,False,1994-11-16,Financial Services,Financial - Credit Services,US,622292783.0022194,1.037,114956145803.59,2026-06-12,fmp:company-screener,2026-06-14T15:29:49.849150+00:00,184.73,2026-06-12,114956145803.99998,869961603.0190909,True,consumer_finance,consumer_finance_model_not_supported,,,,,,,,,,,,,,,,,,,,,,,,,,,,,,,,,,,,,,,,,,,,,,,,,,,,,,,,,,,,,,,,,,,,,,,,,,,,
PNC,"The PNC Financial Services Group, Inc.",NYSE,common_stock,False,1975-11-17,Financial Services,Banks - Regional,US,401565000.0,0.918,95435937900.0,2026-06-12,fmp:company-screener,2026-06-14T15:29:49.849150+00:00,237.66,2026-06-12,95435937900.0,469507271.3281818,True,bank,bank_model_not_supported,,,,,,,,,,,,,,,,,,,,,,,,,,,,,,,,,,,,,,,,,,,,,,,,,,,,,,,,,,,,,,,,,,,,,,,,,,,,
USB,U.S. Bancorp,NYSE,common_stock,False,1973-05-03,Financial Services,Banks - Diversified,US,1552300000.0,0.999,91492562000.0,2026-06-12,fmp:company-screener,2026-06-14T15:29:49.849150+00:00,58.94,2026-06-12,91492562000.0,516959818.7945454,True,bank,bank_model_not_supported,,,,,,,,,,,,,,,,,,,,,,,,,,,,,,,,,,,,,,,,,,,,,,,,,,,,,,,,,,,,,,,,,,,,,,,,,,,,
AMT,American Tower Corporation,NYSE,common_stock,False,1998-02-27,Real Estate,REIT - Specialty,US,465893068.9977562,0.891,87205864655.42,2026-06-12,fmp:company-screener,2026-06-14T15:29:49.849150+00:00,187.18,2026-06-12,87205864655.0,586615054.7372727,True,reit,reit_model_not_supported,,,,,,,,,,,,,,,,,,,,,,,,,,,,,,,,,,,,,,,,,,,,,,,,,,,,,,,,,,,,,,,,,,,,,,,,,,,,
KKR,KKR & Co. Inc.,NYSE,common_stock,False,2010-07-15,Financial Services,Asset Management,US,897872941.0016626,1.791,85567291277.3,2026-06-12,fmp:company-screener,2026-06-14T15:29:49.849150+00:00,96.24,2026-06-12,86411291842.0,497477677.2078788,True,asset_management,asset_management_model_not_supported,,,,,,,,,,,,,,,,,,,,,,,,,,,,,,,,,,,,,,,,,,,,,,,,,,,,,,,,,,,,,,,,,,,,,,,,,,,,
MRSH,"Marsh & McLennan Companies, Inc.",NYSE,common_stock,False,1987-12-30,Financial Services,Insurance - Brokers,US,481795000.0,0.611,81269180600.0,2026-06-12,fmp:company-screener,2026-06-14T15:29:49.849150+00:00,168.68,2026-06-12,81269180600.0,538603653.2106061,True,insurance,insurance_model_not_supported,,,,,,,,,,,,,,,,,,,,,,,,,,,,,,,,,,,,,,,,,,,,,,,,,,,,,,,,,,,,,,,,,,,,,,,,,,,,
ICE,"Intercontinental Exchange, Inc.",NYSE,common_stock,False,2005-11-16,Financial Services,Financial - Data & Stock Exchanges,US,565512494.9975095,0.922,79471470922.35,2026-06-12,fmp:company-screener,2026-06-14T15:29:49.849150+00:00,140.53,2026-06-12,79471470922.00002,537962975.7463636,True,financial_other,financial_sector_model_not_supported,,,,,,,,,,,,,,,,,,,,,,,,,,,,,,,,,,,,,,,,,,,,,,,,,,,,,,,,,,,,,,,,,,,,,,,,,,,,
MCO,Moody's Corporation,NYSE,common_stock,False,1994-10-31,Financial Services,Financial - Data & Stock Exchanges,US,174700000.0,1.339,78239395000.0,2026-06-12,fmp:company-screener,2026-06-14T15:29:49.849150+00:00,447.85,2026-06-12,78239395000.0,463342532.239697,True,financial_other,financial_sector_model_not_supported,,,,,,,,,,,,,,,,,,,,,,,,,,,,,,,,,,,,,,,,,,,,,,,,,,,,,,,,,,,,,,,,,,,,,,,,,,,,
APO,"Apollo Global Management, Inc.",NYSE,common_stock,False,2011-03-30,Financial Services,Asset Management,US,576517512.9967135,1.488,77184164640.44,2026-06-12,fmp:company-screener,2026-06-14T15:29:49.849150+00:00,133.88,2026-06-12,77184164640.0,507293546.76969695,True,asset_management,asset_management_model_not_supported,,,,,,,,,,,,,,,,,,,,,,,,,,,,,,,,,,,,,,,,,,,,,,,,,,,,,,,,,,,,,,,,,,,,,,,,,,,,
AON,Aon plc,NYSE,common_stock,False,1980-06-02,Financial Services,Insurance - Brokers,US,213576948.99943337,0.714,71614486769.19,2026-06-12,fmp:company-screener,2026-06-14T15:29:49.849150+00:00,335.31,2026-06-12,71614486769.0,462499491.5751515,True,insurance,insurance_model_not_supported,,,,,,,,,,,,,,,,,,,,,,,,,,,,,,,,,,,,,,,,,,,,,,,,,,,,,,,,,,,,,,,,,,,,,,,,,,,,
SPG,"Simon Property Group, Inc.",NYSE,common_stock,False,1993-12-14,Real Estate,REIT - Retail,US,324282000.0,1.346,71030729280.0,2026-06-12,fmp:company-screener,2026-06-14T15:29:49.849150+00:00,219.04,2026-06-12,71030729280.0,314675222.70303035,True,reit,reit_model_not_supported,,,,,,,,,,,,,,,,,,,,,,,,,,,,,,,,,,,,,,,,,,,,,,,,,,,,,,,,,,,,,,,,,,,,,,,,,,,,
TRV,"The Travelers Companies, Inc.",NYSE,common_stock,False,1975-11-17,Financial Services,Insurance - Property & Casualty,US,212644693.00072262,0.495,64741803230.78,2026-06-12,fmp:company-screener,2026-06-14T15:29:49.849150+00:00,304.46,2026-06-12,64741803231.0,440891704.99939394,True,insurance,insurance_model_not_supported,,,,,,,,,,,,,,,,,,,,,,,,,,,,,,,,,,,,,,,,,,,,,,,,,,,,,,,,,,,,,,,,,,,,,,,,,,,,
DLR,"Digital Realty Trust, Inc.",NYSE,common_stock,False,2004-10-29,Real Estate,REIT - Specialty,US,351406000.0,1.046,64542740019.99999,2026-06-12,fmp:company-screener,2026-06-14T15:29:49.849150+00:00,184.2,2026-06-12,64728985199.99999,413646768.73,True,reit,reit_model_not_supported,,,,,,,,,,,,,,,,,,,,,,,,,,,,,,,,,,,,,,,,,,,,,,,,,,,,,,,,,,,,,,,,,,,,,,,,,,,,
TFC,Truist Financial Corporation,NYSE,common_stock,False,1980-03-18,Financial Services,Banks - Regional,US,1245879274.9903214,0.884,64362123346.49999,2026-06-12,fmp:company-screener,2026-06-14T15:29:49.849150+00:00,51.66,2026-06-12,64362123346.0,412697888.14787877,True,bank,bank_model_not_supported,,,,,,,,,,,,,,,,,,,,,,,,,,,,,,,,,,,,,,,,,,,,,,,,,,,,,,,,,,,,,,,,,,,,,,,,,,,,
AFL,Aflac Incorporated,NYSE,common_stock,False,1980-03-17,Financial Services,Insurance - Life,US,508985000.0,0.61,59958433000.0,2026-06-12,fmp:company-screener,2026-06-14T15:29:49.849150+00:00,117.8,2026-06-12,59958433000.0,275584543.10272723,True,insurance,insurance_model_not_supported,,,,,,,,,,,,,,,,,,,,,,,,,,,,,,,,,,,,,,,,,,,,,,,,,,,,,,,,,,,,,,,,,,,,,,,,,,,,
O,Realty Income Corporation,NYSE,common_stock,False,1994-10-18,Real Estate,REIT - Retail,US,932492530.0063776,0.734,58485931481.6,2026-06-12,fmp:company-screener,2026-06-14T15:29:49.849150+00:00,62.72,2026-06-12,58485931482.0,362136683.8139394,True,reit,reit_model_not_supported,,,,,,,,,,,,,,,,,,,,,,,,,,,,,,,,,,,,,,,,,,,,,,,,,,,,,,,,,,,,,,,,,,,,,,,,,,,,
PSA,Public Storage,NYSE,common_stock,False,1980-11-18,Real Estate,REIT - Industrial,US,175545747.99963182,0.963,56950200474.664,2026-06-12,fmp:company-screener,2026-06-14T15:29:49.849150+00:00,325.94,2026-06-12,57217381102.99999,298635442.0627273,True,reit,reit_model_not_supported,,,,,,,,,,,,,,,,,,,,,,,,,,,,,,,,,,,,,,,,,,,,,,,,,,,,,,,,,,,,,,,,,,,,,,,,,,,,
MET,"MetLife, Inc.",NYSE,common_stock,False,2000-04-05,Financial Services,Insurance - Life,US,643437000.0,0.783,57162943080.0,2026-06-12,fmp:company-screener,2026-06-14T15:29:49.849150+00:00,88.84,2026-06-12,57162943080.0,273842894.1636363,True,insurance,insurance_model_not_supported,,,,,,,,,,,,,,,,,,,,,,,,,,,,,,,,,,,,,,,,,,,,,,,,,,,,,,,,,,,,,,,,,,,,,,,,,,,,
ALL,The Allstate Corporation,NYSE,common_stock,False,1993-06-03,Financial Services,Insurance - Property & Casualty,US,257421000.0,0.192,57052216230.0,2026-06-12,fmp:company-screener,2026-06-14T15:29:49.849150+00:00,221.63,2026-06-12,57052216230.0,339800505.32181823,True,insurance,insurance_model_not_supported,,,,,,,,,,,,,,,,,,,,,,,,,,,,,,,,,,,,,,,,,,,,,,,,,,,,,,,,,,,,,,,,,,,,,,,,,,,,
AJG,Arthur J. Gallagher & Co.,NYSE,common_stock,False,1984-06-20,Financial Services,Insurance - Brokers,US,256942000.0,0.533,56190645980.0,2026-06-12,fmp:company-screener,2026-06-14T15:29:49.849150+00:00,218.69,2026-06-12,56190645980.0,411788364.28969693,True,insurance,insurance_model_not_supported,,,,,,,,,,,,,,,,,,,,,,,,,,,,,,,,,,,,,,,,,,,,,,,,,,,,,,,,,,,,,,,,,,,,,,,,,,,,
STT,State Street Corporation,NYSE,common_stock,False,1980-03-17,Financial Services,Asset Management,US,276767033.0012528,1.451,46394457741.79,2026-06-12,fmp:company-screener,2026-06-14T15:29:49.849150+00:00,167.63,2026-06-12,46394457742.0,312504628.47030306,True,asset_management,asset_management_model_not_supported,,,,,,,,,,,,,,,,,,,,,,,,,,,,,,,,,,,,,,,,,,,,,,,,,,,,,,,,,,,,,,,,,,,,,,,,,,,,
ARES,Ares Management Corporation,NYSE,common_stock,False,2014-05-02,Financial Services,Asset Management,US,328414955.99703485,1.516,44680854764.0,2026-06-12,fmp:company-screener,2026-06-14T15:29:49.849150+00:00,134.9,2026-06-12,44303177564.0,370186399.5672727,True,asset_management,asset_management_model_not_supported,,,,,,,,,,,,,,,,,,,,,,,,,,,,,,,,,,,,,,,,,,,,,,,,,,,,,,,,,,,,,,,,,,,,,,,,,,,,
MSCI,MSCI Inc.,NYSE,common_stock,False,2007-11-15,Financial Services,Financial - Data & Stock Exchanges,US,72800000.0,1.226,43615936000.0,2026-06-12,fmp:company-screener,2026-06-14T15:29:49.849150+00:00,599.12,2026-06-12,43615936000.0,350808358.3066667,True,financial_other,financial_sector_model_not_supported,,,,,,,,,,,,,,,,,,,,,,,,,,,,,,,,,,,,,,,,,,,,,,,,,,,,,,,,,,,,,,,,,,,,,,,,,,,,
AMP,"Ameriprise Financial, Inc.",NYSE,common_stock,False,2005-09-15,Financial Services,Asset Management,US,89897100.0,1.166,41147700612.0,2026-06-12,fmp:company-screener,2026-06-14T15:29:49.849150+00:00,459.13,2026-06-12,41274455523.0,294159998.12060606,True,asset_management,asset_management_model_not_supported,,,,,,,,,,,,,,,,,,,,,,,,,,,,,,,,,,,,,,,,,,,,,,,,,,,,,,,,,,,,,,,,,,,,,,,,,,,,
VTR,"Ventas, Inc.",NYSE,common_stock,False,1997-05-05,Real Estate,REIT - Healthcare Facilities,US,486169723.0023641,0.734,41061894804.579994,2026-06-12,fmp:company-screener,2026-06-14T15:29:49.849150+00:00,84.6,2026-06-12,41129958566.0,345054817.2684849,True,reit,reit_model_not_supported,,,,,,,,,,,,,,,,,,,,,,,,,,,,,,,,,,,,,,,,,,,,,,,,,,,,,,,,,,,,,,,,,,,,,,,,,,,,
CCI,Crown Castle Inc.,NYSE,common_stock,False,1998-08-18,Real Estate,REIT - Specialty,US,436451982.99696183,0.948,40223414753.28,2026-06-12,fmp:company-screener,2026-06-14T15:29:49.849150+00:00,92.16,2026-06-12,40223414753.0,313929623.8281818,True,reit,reit_model_not_supported,,,,,,,,,,,,,,,,,,,,,,,,,,,,,,,,,,,,,,,,,,,,,,,,,,,,,,,,,,,,,,,,,,,,,,,,,,,,
AIG,"American International Group, Inc.",NYSE,common_stock,False,1973-01-02,Financial Services,Insurance - Diversified,US,530206221.0060734,0.541,40157819178.54,2026-06-12,fmp:company-screener,2026-06-14T15:29:49.849150+00:00,75.74,2026-06-12,40157819179.0,305478405.1748485,True,insurance,insurance_model_not_supported,,,,,,,,,,,,,,,,,,,,,,,,,,,,,,,,,,,,,,,,,,,,,,,,,,,,,,,,,,,,,,,,,,,,,,,,,,,,
IRM,Iron Mountain Incorporated,NYSE,common_stock,False,1996-02-01,Real Estate,REIT - Specialty,US,297524680.996542,1.218,37857040410.439995,2026-06-12,fmp:company-screener,2026-06-14T15:29:49.849150+00:00,127.24,2026-06-12,37857040410.0,182248913.52242422,True,reit,reit_model_not_supported,,,,,,,,,,,,,,,,,,,,,,,,,,,,,,,,,,,,,,,,,,,,,,,,,,,,,,,,,,,,,,,,,,,,,,,,,,,,
PRU,"Prudential Financial, Inc.",NYSE,common_stock,False,2001-12-13,Financial Services,Insurance - Life,US,347325107.0046083,0.855,37684774109.5,2026-06-12,fmp:company-screener,2026-06-14T15:29:49.849150+00:00,108.5,2026-06-12,37684774110.0,214369938.9409091,True,insurance,insurance_model_not_supported,,,,,,,,,,,,,,,,,,,,,,,,,,,,,,,,,,,,,,,,,,,,,,,,,,,,,,,,,,,,,,,,,,,,,,,,,,,,
HIG,"The Hartford Financial Services Group, Inc.",NYSE,common_stock,False,1995-12-15,Financial Services,Insurance - Property & Casualty,US,274130819.996914,0.475,35505423806.4,2026-06-12,fmp:company-screener,2026-06-14T15:29:49.849150+00:00,129.62,2026-06-12,35532836888.0,217082438.64454547,True,insurance,insurance_model_not_supported,,,,,,,,,,,,,,,,,,,,,,,,,,,,,,,,,,,,,,,,,,,,,,,,,,,,,,,,,,,,,,,,,,,,,,,,,,,,
MTB,M&T Bank Corporation,NYSE,common_stock,False,1980-03-17,Financial Services,Banks - Regional,US,146445060.0008625,0.587,33957680512.8,2026-06-12,fmp:company-screener,2026-06-14T15:29:49.849150+00:00,231.88,2026-06-12,33957680512.999996,234220484.31939393,True,bank,bank_model_not_supported,,,,,,,,,,,,,,,,,,,,,,,,,,,,,,,,,,,,,,,,,,,,,,,,,,,,,,,,,,,,,,,,,,,,,,,,,,,,
VICI,VICI Properties Inc.,NYSE,common_stock,False,2018-01-02,Real Estate,REIT - Specialty,US,1076780186.9915848,0.676,30709770933.239998,2026-06-12,fmp:company-screener,2026-06-14T15:29:49.849150+00:00,28.52,2026-06-12,30709770932.999996,229813917.22757578,True,reit,reit_model_not_supported,,,,,,,,,,,,,,,,,,,,,,,,,,,,,,,,,,,,,,,,,,,,,,,,,,,,,,,,,,,,,,,,,,,,,,,,,,,,
RJF,"Raymond James Financial, Inc.",NYSE,common_stock,False,1983-07-01,Financial Services,Financial - Capital Markets,US,194883034.00259066,0.951,30089940449.600002,2026-06-12,fmp:company-screener,2026-06-14T15:29:49.849150+00:00,154.4,2026-06-12,30089940450.0,209958963.82060605,True,asset_management,asset_management_model_not_supported,,,,,,,,,,,,,,,,,,,,,,,,,,,,,,,,,,,,,,,,,,,,,,,,,,,,,,,,,,,,,,,,,,,,,,,,,,,,
CFG,"Citizens Financial Group, Inc.",NYSE,common_stock,False,2014-09-24,Financial Services,Banks - Regional,US,422881999.99999994,1.021,28607967300.000004,2026-06-12,fmp:company-screener,2026-06-14T15:29:49.849150+00:00,67.65,2026-06-12,28607967300.0,285790571.75969696,True,bank,bank_model_not_supported,,,,,,,,,,,,,,,,,,,,,,,,,,,,,,,,,,,,,,,,,,,,,,,,,,,,,,,,,,,,,,,,,,,,,,,,,,,,
AVB,"AvalonBay Communities, Inc.",NYSE,common_stock,False,1994-03-11,Real Estate,REIT - Residential,US,141872000.0,0.789,26155521920.000004,2026-06-12,fmp:company-screener,2026-06-14T15:29:49.849150+00:00,187.03,2026-06-12,26534320160.0,187512444.38030303,True,reit,reit_model_not_supported,,,,,,,,,,,,,,,,,,,,,,,,,,,,,,,,,,,,,,,,,,,,,,,,,,,,,,,,,,,,,,,,,,,,,,,,,,,,
WRB,W. R. Berkley Corporation,NYSE,common_stock,False,1973-10-23,Financial Services,Insurance - Property & Casualty,US,372277000.0,0.311,25415350790.0,2026-06-12,fmp:company-screener,2026-06-14T15:29:49.849150+00:00,68.27,2026-06-12,25415350790.0,149309859.93545455,True,insurance,insurance_model_not_supported,,,,,,,,,,,,,,,,,,,,,,,,,,,,,,,,,,,,,,,,,,,,,,,,,,,,,,,,,,,,,,,,,,,,,,,,,,,,
EQR,Equity Residential,NYSE,common_stock,False,1993-08-12,Real Estate,REIT - Residential,US,374672000.0,0.764,25230412480.0,2026-06-12,fmp:company-screener,2026-06-14T15:29:49.849150+00:00,67.34,2026-06-12,25230412480.0,176607705.20363638,True,reit,reit_model_not_supported,,,,,,,,,,,,,,,,,,,,,,,,,,,,,,,,,,,,,,,,,,,,,,,,,,,,,,,,,,,,,,,,,,,,,,,,,,,,
RF,Regions Financial Corporation,NYSE,common_stock,False,1980-03-17,Financial Services,Banks - Regional,US,853380000.0,1.027,24978432600.0,2026-06-12,fmp:company-screener,2026-06-14T15:29:49.849150+00:00,29.27,2026-06-12,24978432600.0,324293257.9857576,True,bank,bank_model_not_supported,,,,,,,,,,,,,,,,,,,,,,,,,,,,,,,,,,,,,,,,,,,,,,,,,,,,,,,,,,,,,,,,,,,,,,,,,,,,
SYF,Synchrony Financial,NYSE,common_stock,False,2014-07-31,Financial Services,Financial - Credit Services,US,336370241.9983642,1.321,24676120953.12,2026-06-12,fmp:company-screener,2026-06-14T15:29:49.849150+00:00,73.36,2026-06-12,24676120953.0,272999501.57545453,True,consumer_finance,consumer_finance_model_not_supported,,,,,,,,,,,,,,,,,,,,,,,,,,,,,,,,,,,,,,,,,,,,,,,,,,,,,,,,,,,,,,,,,,,,,,,,,,,,
KEY,KeyCorp,NYSE,common_stock,False,1987-11-05,Financial Services,Banks - Regional,US,1084230000.0,1.041,24612021000.0,2026-06-12,fmp:company-screener,2026-06-14T15:29:49.849150+00:00,22.7,2026-06-12,24612021000.0,275056741.8469697,True,bank,bank_model_not_supported,,,,,,,,,,,,,,,,,,,,,,,,,,,,,,,,,,,,,,,,,,,,,,,,,,,,,,,,,,,,,,,,,,,,,,,,,,,,
L,Loews Corporation,NYSE,common_stock,False,1980-03-17,Financial Services,Insurance - Property & Casualty,US,205768873.00221974,0.535,22247730548.760002,2026-06-12,fmp:company-screener,2026-06-14T15:29:49.849150+00:00,108.12,2026-06-12,22247730549.0,80322904.8030303,True,insurance,insurance_model_not_supported,,,,,,,,,,,,,,,,,,,,,,,,,,,,,,,,,,,,,,,,,,,,,,,,,,,,,,,,,,,,,,,,,,,,,,,,,,,,
BRO,"Brown & Brown, Inc.",NYSE,common_stock,False,1981-02-11,Financial Services,Insurance - Brokers,US,338948000.0,0.624,20455511800.0,2026-06-12,fmp:company-screener,2026-06-14T15:29:49.849150+00:00,59.99,2026-06-12,20333490520.0,207146879.9939394,True,insurance,insurance_model_not_supported,,,,,,,,,,,,,,,,,,,,,,,,,,,,,,,,,,,,,,,,,,,,,,,,,,,,,,,,,,,,,,,,,,,,,,,,,,,,
ESS,"Essex Property Trust, Inc.",NYSE,common_stock,False,1994-06-07,Real Estate,REIT - Residential,US,64262900.0,0.729,18234597875.0,2026-06-12,fmp:company-screener,2026-06-14T15:29:49.849150+00:00,283.75,2026-06-12,18234597875.0,122294932.64939393,True,reit,reit_model_not_supported,,,,,,,,,,,,,,,,,,,,,,,,,,,,,,,,,,,,,,,,,,,,,,,,,,,,,,,,,,,,,,,,,,,,,,,,,,,,
INVH,Invitation Homes Inc.,NYSE,common_stock,False,2017-02-01,Real Estate,REIT - Residential,US,594042000.0,0.853,17631166560.0,2026-06-12,fmp:company-screener,2026-06-14T15:29:49.849150+00:00,29.68,2026-06-12,17631166560.0,158530955.5981818,True,reit,reit_model_not_supported,,,,,,,,,,,,,,,,,,,,,,,,,,,,,,,,,,,,,,,,,,,,,,,,,,,,,,,,,,,,,,,,,,,,,,,,,,,,
KIM,Kimco Realty Corporation,NYSE,common_stock,False,1991-11-22,Real Estate,REIT - Retail,US,674390000.0,0.981,17473444900.0,2026-06-12,fmp:company-screener,2026-06-14T15:29:49.849150+00:00,25.91,2026-06-12,17473444900.0,121079619.22393939,True,reit,reit_model_not_supported,,,,,,,,,,,,,,,,,,,,,,,,,,,,,,,,,,,,,,,,,,,,,,,,,,,,,,,,,,,,,,,,,,,,,,,,,,,,
BEN,"Franklin Resources, Inc.",NYSE,common_stock,False,1983-09-23,Financial Services,Asset Management,US,519637161.9981325,1.593,16695942015.060001,2026-06-12,fmp:company-screener,2026-06-14T15:29:49.849150+00:00,32.13,2026-06-12,16695942015.0,135961713.0560606,True,asset_management,asset_management_model_not_supported,,,,,,,,,,,,,,,,,,,,,,,,,,,,,,,,,,,,,,,,,,,,,,,,,,,,,,,,,,,,,,,,,,,,,,,,,,,,
MAA,"Mid-America Apartment Communities, Inc.",NYSE,common_stock,False,1994-01-28,Real Estate,REIT - Residential,US,116384802.00100769,0.744,16169340541.86,2026-06-12,fmp:company-screener,2026-06-14T15:29:49.849150+00:00,138.93,2026-06-12,16169340542.0,127045936.12484848,True,reit,reit_model_not_supported,,,,,,,,,,,,,,,,,,,,,,,,,,,,,,,,,,,,,,,,,,,,,,,,,,,,,,,,,,,,,,,,,,,,,,,,,,,,
GPN,Global Payments Inc.,NYSE,common_stock,False,2001-01-16,Financial Services,Financial - Credit Services,US,236695114.00088614,0.767,16026626169.0,2026-06-12,fmp:company-screener,2026-06-14T15:29:49.849150+00:00,67.71,2026-06-12,16026626169.0,248483934.9712121,True,consumer_finance,consumer_finance_model_not_supported,,,,,,,,,,,,,,,,,,,,,,,,,,,,,,,,,,,,,,,,,,,,,,,,,,,,,,,,,,,,,,,,,,,,,,,,,,,,
DOC,"Healthpeak Properties, Inc.",NYSE,common_stock,False,1985-05-23,Real Estate,REIT - Healthcare Facilities,US,689420000.0,1.029,14219287500.0,2026-06-12,fmp:company-screener,2026-06-14T15:29:49.849150+00:00,20.69,2026-06-12,14264099800.0,160207024.72242424,True,reit,reit_model_not_supported,,,,,,,,,,,,,,,,,,,,,,,,,,,,,,,,,,,,,,,,,,,,,,,,,,,,,,,,,,,,,,,,,,,,,,,,,,,,
EG,"Everest Re Group, Ltd.",NYSE,common_stock,False,1995-10-03,Financial Services,Insurance - Reinsurance,US,39571602.00058928,0.305,13430601718.8,2026-06-12,fmp:company-screener,2026-06-14T15:29:49.849150+00:00,339.4,2026-06-12,13430601719.000002,126530591.8690909,True,insurance,insurance_model_not_supported,,,,,,,,,,,,,,,,,,,,,,,,,,,,,,,,,,,,,,,,,,,,,,,,,,,,,,,,,,,,,,,,,,,,,,,,,,,,
GL,Globe Life Inc.,NYSE,common_stock,False,1980-10-01,Financial Services,Insurance - Life,US,77644800.0,0.499,12948046848.0,2026-06-12,fmp:company-screener,2026-06-14T15:29:49.849150+00:00,166.76,2026-06-12,12948046848.0,85798764.22212121,True,insurance,insurance_model_not_supported,,,,,,,,,,,,,,,,,,,,,,,,,,,,,,,,,,,,,,,,,,,,,,,,,,,,,,,,,,,,,,,,,,,,,,,,,,,,
AIZ,"Assurant, Inc.",NYSE,common_stock,False,2004-02-05,Financial Services,Insurance - Specialty,US,49547637.001417674,0.569,12869998710.75,2026-06-12,fmp:company-screener,2026-06-14T15:29:49.849150+00:00,260.99,2026-06-12,12931437781.0,95248820.36424242,True,insurance,insurance_model_not_supported,,,,,,,,,,,,,,,,,,,,,,,,,,,,,,,,,,,,,,,,,,,,,,,,,,,,,,,,,,,,,,,,,,,,,,,,,,,,
IVZ,Invesco Ltd.,NYSE,common_stock,False,1995-08-25,Financial Services,Asset Management,US,443296629.011065,1.589,12820138510.68,2026-06-12,fmp:company-screener,2026-06-14T15:29:49.849150+00:00,28.92,2026-06-12,12820138511.0,143601148.8918182,True,asset_management,asset_management_model_not_supported,,,,,,,,,,,,,,,,,,,,,,,,,,,,,,,,,,,,,,,,,,,,,,,,,,,,,,,,,,,,,,,,,,,,,,,,,,,,
UDR,"UDR, Inc.",NYSE,common_stock,False,1980-03-17,Real Estate,REIT - Residential,US,324916000.0,0.712,12801690400.0,2026-06-12,fmp:company-screener,2026-06-14T15:29:49.849150+00:00,39.4,2026-06-12,12801690400.0,146147267.79545453,True,reit,reit_model_not_supported,,,,,,,,,,,,,,,,,,,,,,,,,,,,,,,,,,,,,,,,,,,,,,,,,,,,,,,,,,,,,,,,,,,,,,,,,,,,
CPT,Camden Property Trust,NYSE,common_stock,False,1993-07-22,Real Estate,REIT - Residential,US,100520000.0,0.814,11557789600.0,2026-06-12,fmp:company-screener,2026-06-14T15:29:49.849150+00:00,114.98,2026-06-12,11557789600.0,125614849.68030302,True,reit,reit_model_not_supported,,,,,,,,,,,,,,,,,,,,,,,,,,,,,,,,,,,,,,,,,,,,,,,,,,,,,,,,,,,,,,,,,,,,,,,,,,,,
FRT,Federal Realty Investment Trust,NYSE,common_stock,False,1973-05-03,Real Estate,REIT - Retail,US,86389196.99618563,0.94,10881151308.135,2026-06-12,fmp:company-screener,2026-06-14T15:29:49.849150+00:00,125.84,2026-06-12,10871216550.0,103780627.13969697,True,reit,reit_model_not_supported,,,,,,,,,,,,,,,,,,,,,,,,,,,,,,,,,,,,,,,,,,,,,,,,,,,,,,,,,,,,,,,,,,,,,,,,,,,,
BXP,"BXP, Inc.",NYSE,common_stock,False,1997-06-18,Real Estate,REIT - Office,US,159477000.0,1.062,10570135560.0,2026-06-12,fmp:company-screener,2026-06-14T15:29:49.849150+00:00,66.28,2026-06-12,10570135560.0,101671786.89666668,True,reit,reit_model_not_supported,,,,,,,,,,,,,,,,,,,,,,,,,,,,,,,,,,,,,,,,,,,,,,,,,,,,,,,,,,,,,,,,,,,,,,,,,,,,
ARE,"Alexandria Real Estate Equities, Inc.",NYSE,common_stock,False,1997-05-28,Real Estate,REIT - Office,US,174269000.0,1.202,9435795005.0,2026-06-12,fmp:company-screener,2026-06-14T15:29:49.849150+00:00,53.17,2026-06-12,9265882730.0,111522968.10939394,True,reit,reit_model_not_supported,,,,,,,,,,,,,,,,,,,,,,,,,,,,,,,,,,,,,,,,,,,,,,,,,,,,,,,,,,,,,,,,,,,,,,,,,,,,
FDS,FactSet Research Systems Inc.,NYSE,common_stock,False,1996-06-28,Financial Services,Financial - Data & Stock Exchanges,US,36431126.99867308,0.707,8785730587.32,2026-06-12,fmp:company-screener,2026-06-14T15:29:49.849150+00:00,241.16,2026-06-12,8785730587.0,227067682.91606063,True,financial_other,financial_sector_model_not_supported,,,,,,,,,,,,,,,,,,,,,,,,,,,,,,,,,,,,,,,,,,,,,,,,,,,,,,,,,,,,,,,,,,,,,,,,,,,,
IBKR,"Interactive Brokers Group, Inc.",NASDAQ,common_stock,False,2007-05-04,Financial Services,Investment - Banking & Investment Services,US,1719878628.0035238,1.329,156182178208.68,2026-06-12,fmp:company-screener,2026-06-14T15:29:49.849150+00:00,90.81,2026-06-12,156182178209.0,380142380.96696967,True,bank,bank_model_not_supported,,,,,,,,,,,,,,,,,,,,,,,,,,,,,,,,,,,,,,,,,,,,,,,,,,,,,,,,,,,,,,,,,,,,,,,,,,,,
EQIX,"Equinix, Inc.",NASDAQ,common_stock,False,2000-08-11,Real Estate,REIT - Specialty,US,98624200.00000001,0.97,104132361569.99998,2026-06-12,fmp:company-screener,2026-06-14T15:29:49.849150+00:00,1055.85,2026-06-12,104132361570.0,633871311.5209091,True,reit,reit_model_not_supported,,,,,,,,,,,,,,,,,,,,,,,,,,,,,,,,,,,,,,,,,,,,,,,,,,,,,,,,,,,,,,,,,,,,,,,,,,,,
CME,CME Group Inc.,NASDAQ,common_stock,False,2002-12-06,Financial Services,Financial - Data & Stock Exchanges,US,362356000.00000006,0.244,97665812679.99998,2026-06-12,fmp:company-screener,2026-06-14T15:29:49.849150+00:00,269.53,2026-06-12,97665812680.0,744916988.7533333,True,financial_other,financial_sector_model_not_supported,,,,,,,,,,,,,,,,,,,,,,,,,,,,,,,,,,,,,,,,,,,,,,,,,,,,,,,,,,,,,,,,,,,,,,,,,,,,
HOOD,"Robinhood Markets, Inc.",NASDAQ,common_stock,False,2021-07-29,Financial Services,Financial - Capital Markets,US,900505094.0015023,2.348,83918069709.86,2026-06-12,fmp:company-screener,2026-06-14T15:29:49.849150+00:00,93.19,2026-06-12,83918069710.0,2429843989.3690906,True,asset_management,asset_management_model_not_supported,,,,,,,,,,,,,,,,,,,,,,,,,,,,,,,,,,,,,,,,,,,,,,,,,,,,,,,,,,,,,,,,,,,,,,,,,,,,
NDAQ,"Nasdaq, Inc.",NASDAQ,common_stock,False,2002-07-01,Financial Services,Financial - Data & Stock Exchanges,US,565541000.0,0.974,49470698975.0,2026-06-12,fmp:company-screener,2026-06-14T15:29:49.849150+00:00,88.98,2026-06-12,50321838180.0,277394718.4863636,True,financial_other,financial_sector_model_not_supported,,,,,,,,,,,,,,,,,,,,,,,,,,,,,,,,,,,,,,,,,,,,,,,,,,,,,,,,,,,,,,,,,,,,,,,,,,,,
FITB,Fifth Third Bancorp,NASDAQ,common_stock,False,1980-03-17,Financial Services,Banks - Regional,US,906311547.9970049,0.947,48415162894.16,2026-06-12,fmp:company-screener,2026-06-14T15:29:49.849150+00:00,54.73,2026-06-12,49602431021.876076,345570055.9493939,True,bank,bank_model_not_supported,,,,,,,,,,,,,,,,,,,,,,,,,,,,,,,,,,,,,,,,,,,,,,,,,,,,,,,,,,,,,,,,,,,,,,,,,,,,
COIN,"Coinbase Global, Inc.",NASDAQ,common_stock,False,2021-04-14,Financial Services,Financial - Data & Stock Exchanges,US,263459493.00287896,3.32,42095557791.54,2026-06-12,fmp:company-screener,2026-06-14T15:29:49.849150+00:00,159.78,2026-06-12,42095557792.0,1854856478.419091,True,financial_other,financial_sector_model_not_supported,,,,,,,,,,,,,,,,,,,,,,,,,,,,,,,,,,,,,,,,,,,,,,,,,,,,,,,,,,,,,,,,,,,,,,,,,,,,
ALNY,"Alnylam Pharmaceuticals, Inc.",NASDAQ,common_stock,False,2004-06-01,Healthcare,Biotechnology,US,133512572.99982321,0.267,37764031273.05,2026-06-12,fmp:company-screener,2026-06-14T15:29:49.849150+00:00,282.85,2026-06-12,37764031273.0,348821848.12454545,True,biotech_preprofit,preprofit_biotech_not_supported,,,,,,,,,,,,,,,,,,,,,,,,,,,,,,,,,,,,,,,,,,,,,,,,,,,,,,,,,,,,,,,,,,,,,,,,,,,,
PYPL,"PayPal Holdings, Inc.",NASDAQ,common_stock,False,2015-07-06,Financial Services,Financial - Credit Services,US,882105492.9930171,1.336,36378030531.32,2026-06-12,fmp:company-screener,2026-06-14T15:29:49.849150+00:00,41.53,2026-06-12,36633841124.0,691141925.4230303,True,consumer_finance,consumer_finance_model_not_supported,,,,,,,,,,,,,,,,,,,,,,,,,,,,,,,,,,,,,,,,,,,,,,,,,,,,,,,,,,,,,,,,,,,,,,,,,,,,
HBAN,Huntington Bancshares Incorporated,NASDAQ,common_stock,False,1980-03-17,Financial Services,Banks - Regional,US,2027130000.0,0.969,35583834594.0,2026-06-12,fmp:company-screener,2026-06-14T15:29:49.849150+00:00,17.52,2026-06-12,35515317600.0,374786985.7639394,True,bank,bank_model_not_supported,,,,,,,,,,,,,,,,,,,,,,,,,,,,,,,,,,,,,,,,,,,,,,,,,,,,,,,,,,,,,,,,,,,,,,,,,,,,
ACGL,Arch Capital Group Ltd.,NASDAQ,common_stock,False,1995-09-14,Financial Services,Insurance - Diversified,US,349389604.0039276,0.306,32025051102.64,2026-06-12,fmp:company-screener,2026-06-14T15:29:49.849150+00:00,91.66,2026-06-12,32025051103.0,208490727.98666668,True,insurance,insurance_model_not_supported,,,,,,,,,,,,,,,,,,,,,,,,,,,,,,,,,,,,,,,,,,,,,,,,,,,,,,,,,,,,,,,,,,,,,,,,,,,,
CINF,Cincinnati Financial Corporation,NASDAQ,common_stock,False,1980-03-17,Financial Services,Insurance - Property & Casualty,US,154687000.0,0.584,26069400110.0,2026-06-12,fmp:company-screener,2026-06-14T15:29:49.849150+00:00,169.01,2026-06-12,26143649870.0,123699287.64606062,True,insurance,insurance_model_not_supported,,,,,,,,,,,,,,,,,,,,,,,,,,,,,,,,,,,,,,,,,,,,,,,,,,,,,,,,,,,,,,,,,,,,,,,,,,,,
PFG,"Principal Financial Group, Inc.",NASDAQ,common_stock,False,2001-10-23,Financial Services,Asset Management,US,216012383.99856007,0.896,23979534747.84,2026-06-12,fmp:company-screener,2026-06-14T15:29:49.849150+00:00,111.12,2026-06-12,24003296109.919994,140911413.52242422,True,asset_management,asset_management_model_not_supported,,,,,,,,,,,,,,,,,,,,,,,,,,,,,,,,,,,,,,,,,,,,,,,,,,,,,,,,,,,,,,,,,,,,,,,,,,,,
TROW,"T. Rowe Price Group, Inc.",NASDAQ,common_stock,False,1986-04-02,Financial Services,Asset Management,US,214267000.0,1.519,23492233880.0,2026-06-12,fmp:company-screener,2026-06-14T15:29:49.849150+00:00,109.64,2026-06-12,23492233880.0,231361497.46848485,True,asset_management,asset_management_model_not_supported,,,,,,,,,,,,,,,,,,,,,,,,,,,,,,,,,,,,,,,,,,,,,,,,,,,,,,,,,,,,,,,,,,,,,,,,,,,,
SBAC,SBA Communications Corporation,NASDAQ,common_stock,False,1999-06-16,Real Estate,REIT - Specialty,US,106063016.99790029,0.978,21720645251.43,2026-06-12,fmp:company-screener,2026-06-14T15:29:49.849150+00:00,204.79,2026-06-12,21720645251.0,242596648.51393938,True,reit,reit_model_not_supported,,,,,,,,,,,,,,,,,,,,,,,,,,,,,,,,,,,,,,,,,,,,,,,,,,,,,,,,,,,,,,,,,,,,,,,,,,,,
INSM,Insmed Incorporated,NASDAQ,common_stock,False,2000-06-01,Healthcare,Biotechnology,US,216752000.0,0.774,21209183200.0,2026-06-12,fmp:company-screener,2026-06-14T15:29:49.849150+00:00,97.85,2026-06-12,21209183200.0,418474967.7945454,True,biotech_preprofit,preprofit_biotech_not_supported,,,,,,,,,,,,,,,,,,,,,,,,,,,,,,,,,,,,,,,,,,,,,,,,,,,,,,,,,,,,,,,,,,,,,,,,,,,,
MRNA,"Moderna, Inc.",NASDAQ,common_stock,False,2018-12-07,Healthcare,Biotechnology,US,396786000.0,1.03,20037693000.0,2026-06-12,fmp:company-screener,2026-06-14T15:29:49.849150+00:00,49.91,2026-06-12,19803589260.0,323352097.4260606,True,biotech_preprofit,preprofit_biotech_not_supported,,,,,,,,,,,,,,,,,,,,,,,,,,,,,,,,,,,,,,,,,,,,,,,,,,,,,,,,,,,,,,,,,,,,,,,,,,,,
HST,"Host Hotels & Resorts, Inc.",NASDAQ,common_stock,False,1980-03-17,Real Estate,REIT - Hotel & Motel,US,684879280.996384,1.127,17046645304.09,2026-06-12,fmp:company-screener,2026-06-14T15:29:49.849150+00:00,24.89,2026-06-12,17046645303.999998,187450927.88909093,True,reit,reit_model_not_supported,,,,,,,,,,,,,,,,,,,,,,,,,,,,,,,,,,,,,,,,,,,,,,,,,,,,,,,,,,,,,,,,,,,,,,,,,,,,
REG,Regency Centers Corporation,NASDAQ,common_stock,False,1993-10-29,Real Estate,REIT - Retail,US,183096789.9975087,0.832,14699010301.2,2026-06-12,fmp:company-screener,2026-06-14T15:29:49.849150+00:00,80.28,2026-06-12,14699010300.999998,123612966.79939394,True,reit,reit_model_not_supported,,,,,,,,,,,,,,,,,,,,,,,,,,,,,,,,,,,,,,,,,,,,,,,,,,,,,,,,,,,,,,,,,,,,,,,,,,,,
ERIE,Erie Indemnity Company,NASDAQ,common_stock,False,1995-10-02,Financial Services,Insurance - Brokers,US,46189068.00194115,0.307,10456050268.5,2026-06-12,fmp:company-screener,2026-06-14T15:29:49.849150+00:00,226.67,2026-06-12,10469676044.0,57095618.984848484,True,insurance,insurance_model_not_supported,,,,,,,,,,,,,,,,,,,,,,,,,,,,,,,,,,,,,,,,,,,,,,,,,,,,,,,,,,,,,,,,,,,,,,,,,,,,
ORCL,Oracle Corporation,NYSE,common_stock,False,1986-03-12,Technology,Software - Infrastructure,US,2876046000.0,1.655,529566349980.0,2026-06-12,fmp:company-screener,2026-06-14T15:29:49.849150+00:00,184.13,2026-06-12,529566349980.0,5115281194.053636,True,,material_event_requires_reunderwriting,weekly_drop:-26%,,,,,,,,,,,,,,,,,,,,,,,,,,,,,,,,,,,,,,,,,,,,,,,,,,,,,,,,,,,,,,,,,,,,,,,,,,,
ADBE,Adobe Inc.,NASDAQ,common_stock,False,1986-08-13,Technology,Software - Application,US,404200000.0,1.404,82464884000.0,2026-06-12,fmp:company-screener,2026-06-14T15:29:49.849150+00:00,204.02,2026-06-12,82464884000.0,1517600779.8072727,True,,material_event_requires_reunderwriting,weekly_drop:-26%,,,,,,,,,,,,,,,,,,,,,,,,,,,,,,,,,,,,,,,,,,,,,,,,,,,,,,,,,,,,,,,,,,,,,,,,,,,
CHTR,"Charter Communications, Inc.",NASDAQ,common_stock,False,2010-01-05,Communication Services,Telecommunications Services,US,141178369.00288028,0.707,20586629767.579998,2026-06-12,fmp:company-screener,2026-06-14T15:29:49.849150+00:00,145.82,2026-06-12,20586629768.0,550969062.0412121,True,,material_event_requires_reunderwriting,drawdown_from_high:-40%,,,,,,,,,,,,,,,,,,,,,,,,,,,,,,,,,,,,,,,,,,,,,,,,,,,,,,,,,,,,,,,,,,,,,,,,,,,
SMCI,"Super Micro Computer, Inc.",NASDAQ,common_stock,False,2007-03-29,Technology,Computer Hardware,US,601418000.0,1.869,18319192280.0,2026-06-12,fmp:company-screener,2026-06-14T15:29:49.849150+00:00,30.46,2026-06-12,18319192280.0,1663003261.9378786,True,,material_event_requires_reunderwriting,weekly_drop:-35%,,,,,,,,,,,,,,,,,,,,,,,,,,,,,,,,,,,,,,,,,,,,,,,,,,,,,,,,,,,,,,,,,,,,,,,,,,,
XOM,Exxon Mobil Corporation,NYSE,common_stock,False,1978-01-13,Energy,Oil & Gas Integrated,US,4144950000.0,0.149,615649423500.0,2026-06-12,fmp:company-screener,2026-06-14T15:29:49.849150+00:00,147.01,2026-06-12,609349099500.0,3142699715.020303,True,general_dcf,insufficient_model_confidence,,8.0,2025.0,ttm,2026-05-04,326008000000.0,0.02137513326454399,0.29228653601807575,0.2549231920689063,0.09011128561262301,29377000000.0,0.0,0.09579267470512298,31229178295.267735,22523632421.739574,26641311379.15494,6.368948453061186,0.09454531088381184,0.27876320635843754,0.07216371982550887,0.08643896132487533,39226000000.0,47661000000.0,True,42.39105339105339,0.6950158578288064,0.0,17230000000.0,20337000000.0,-0.0017470058605750793,1.6336698337292161,4183000000.0,0.2263741902626255,0.24205298013225554,True,0.044800000000000006,0.06786529493986976,0.04312996025976544,0.004298424885639113,39.0,1.0,0.4048,7.0,0.29228653601807575,0.3381,cyclical_revenue,,,,,,,,,,,,,,,,,,,,,,,,,,,,,,
CVX,Chevron Corporation,NYSE,common_stock,False,1921-06-24,Energy,Oil & Gas Integrated,US,1991600000.0,0.472,373544496000.0,2026-06-12,fmp:company-screener,2026-06-14T15:29:49.849150+00:00,187.22,2026-06-12,372867352000.0,2152306069.345454,True,general_dcf,insufficient_model_confidence,,8.0,2025.0,ttm,2026-05-07,185887000000.0,0.02151287461971707,0.3378424505974167,0.2543050347791938,0.08401340599396408,15617000000.0,0.0,0.09720176629979874,18068544732.17069,12952142787.436766,17846097331.851788,8.986402805706122,0.08021670221770562,0.2831662439102951,0.05001694562082441,0.006594393908605934,40105000000.0,45428000000.0,True,11.568148148148149,1.071352246620719,0.0,13293000000.0,10510000000.0,0.0077772420189685665,1.7831379876564182,1985900000.0,0.24520868133233442,0.2877886002900017,True,0.044800000000000006,0.06687496670325005,0.04286665861416436,-0.016858021082425637,36.0,1.0,0.3337,5.0,0.3378424505974167,0.3137,cyclical_revenue;incremental_roic_below_wacc,,,,,,,,,,,,,,,,,,,,,,,,,,,,,,
COP,ConocoPhillips,NYSE,common_stock,False,1981-12-31,Energy,Oil & Gas Exploration & Production,US,1218294007.0011969,0.106,142516032938.86002,2026-06-12,fmp:company-screener,2026-06-14T15:29:49.849150+00:00,116.98,2026-06-12,142516032939.0,1067596844.499394,True,general_dcf,insufficient_model_confidence,,8.0,2025.0,ttm,2026-04-30,58310000000.0,0.0708056175442664,0.6111172904610209,0.29183673469387755,0.18281598353627165,10660000000.0,0.0,0.24257084433533482,14144305933.193373,9360055081.197824,9490794450.47682,7.747840297215272,0.1211406341540886,0.3382457134759813,0.08655052689216661,-0.02620071248387966,16964000000.0,23327000000.0,True,9.416961130742049,0.7600358422939069,0.0,4029000000.0,4524000000.0,-0.014071951486317569,2.1831199826426557,1224960000.0,0.16135884545884815,0.3304269392726866,True,0.044800000000000006,0.06554834467599882,0.03957290633413632,0.021002182216167786,43.0,1.0,0.6352,8.0,0.6111172904610209,0.3462,cyclical_revenue;incremental_roic_below_wacc,,,,,,,,,,,,,,,,,,,,,,,,,,,,,,
MPC,Marathon Petroleum Corporation,NYSE,common_stock,False,2011-06-24,Energy,Oil & Gas Refining & Marketing,US,291937000.0,0.522,76140088970.0,2026-06-12,fmp:company-screener,2026-06-14T15:29:49.849150+00:00,263.58,2026-06-12,76948754460.0,595808105.6063635,True,general_dcf,insufficient_model_confidence,,8.0,2025.0,ttm,2026-05-05,135750000000.0,0.06377033340935179,0.358821335624292,0.0879926335174954,0.05022467771639042,6818000000.0,0.0,0.04180573261894174,5675128203.021341,4532313409.404134,5266324376.536614,17.851947039107166,0.0807112885285722,0.20137250696976194,0.11128683468525512,0.2046404537909565,32175000000.0,34326000000.0,True,4.757850662944871,4.177486367177356,0.0,1150000000.0,3181000000.0,-0.1700394723583183,2.039288361749444,295000000.0,0.2017623787627365,0.32543344519151224,True,0.044800000000000006,0.065,0.04775792408320824,0.046286834685255115,38.0,1.0,0.5271,9.0,0.358821335624292,0.3314,elevated_leverage;thin_interest_coverage;cyclical_revenue,,,,,,,,,,,,,,,,,,,,,,,,,,,,,,
PSX,Phillips 66,NYSE,common_stock,False,2012-04-12,Energy,Oil & Gas Refining & Marketing,US,400935020.0,0.674,71947789339.0,2026-06-12,fmp:company-screener,2026-06-14T15:29:49.849150+00:00,179.45,2026-06-12,71947789339.0,480179060.7487879,True,general_dcf,insufficient_model_confidence,,8.0,2025.0,ttm,2026-04-29,135770000000.0,0.024917086063704685,0.37506775341609794,0.07044266038152758,0.04668188848788392,6338000000.0,0.0,0.028322227427678655,3845308817.855931,3108091880.780153,3527048196.192562,8.746055888176402,0.026710615930276117,0.19171852561033986,0.10143930903096246,0.09227967285465476,21974000000.0,27124000000.0,True,5.740942028985507,2.3486532706284735,0.0,1962000000.0,1229000000.0,-0.05226021174203899,1.126958891664774,403273000.0,0.19459972433750283,0.36064992195230555,True,0.044800000000000006,0.07024145164712922,0.048335232168501684,0.03119785738383324,44.0,1.0,0.4066,6.0,0.37506775341609794,0.3028,cyclical_revenue;peak_cycle_margins,,,,,,,,,,,,,,,,,,,,,,,,,,,,,,
CCL,Carnival Corporation & plc,NYSE,common_stock,False,1987-07-24,Consumer Cyclical,Leisure,US,1385139603.0157642,2.331,40418373615.54,2026-06-12,fmp:company-screener,2026-06-14T15:29:49.849150+00:00,29.18,2026-06-12,40418373616.0,716772420.8866668,True,general_dcf,insufficient_model_confidence,,8.0,2025.0,ttm,2026-03-27,26976000000.0,0.05031559217653592,1.9578577402819028,0.37548190984578883,0.16852016607354686,4546000000.0,0.0,0.11671246308243946,3148435404.111887,2833591863.7006984,589666651.2295651,0.4236111000212393,1.3002989475891424,0.1,0.10706547338671692,14.15054347826087,25183000000.0,26607000000.0,True,3.65728077232502,3.4132556248305774,0.0024779185484193277,208000000.0,0.0,0.05662060608119557,2.6721173338174333,1392000000.0,0.04538890548273189,0.01832554794705232,True,0.044800000000000006,0.12759572027063,0.07632000000000001,-0.02053024688391307,77.0,1.0,0.0,0.0,1.9578577402819028,0.3445,elevated_leverage;thin_interest_coverage;ongoing_dilution;cyclical_revenue,,,,,,,,,,,,,,,,,,,,,,,,,,,,,,
MOS,The Mosaic Company,NYSE,common_stock,False,1988-01-26,Basic Materials,Agricultural Inputs,US,317846643.98413396,0.808,7211940352.360001,2026-06-12,fmp:company-screener,2026-06-14T15:29:49.849150+00:00,22.69,2026-06-12,7211940352.0,224833018.23242426,True,general_dcf,insufficient_model_confidence,,8.0,2025.0,ttm,2026-05-11,12059200000.0,0.033229377034890595,0.28633654438079925,0.1389395648135863,0.03705884304099775,446900000.0,0.0,0.09196034797187076,1108968228.262384,828362709.6385053,544086946.7982513,1.713659674955122,0.10375908132929813,0.25303296476180637,0.0262343956971157,-0.37217194465372566,920500000.0,1202300000.0,True,2.0240036231884058,0.5076100143377081,0.0027599097553318097,280300000.0,0.0,-0.03743238971931773,2.066443471542622,317500000.0,0.061865442205646604,0.15723270440843068,True,0.044800000000000006,0.08207685341227956,0.06334280458819883,-0.055842457715163864,32.0,1.0,0.1125,2.0,0.28633654438079925,0.3197,thin_interest_coverage;cyclical_revenue;incremental_roic_below_wacc,,,,,,,,,,,,,,,,,,,,,,,,,,,,,,
TSLA,"Tesla, Inc.",NASDAQ,common_stock,False,2010-06-29,Consumer Cyclical,Auto - Manufacturers,US,3755720000.0,1.798,1526437279600.0,2026-06-12,fmp:company-screener,2026-06-14T15:29:49.849150+00:00,406.43,2026-06-12,1526437279600.0,23873762290.355453,True,general_dcf,insufficient_model_confidence,,8.0,2025.0,ttm,2026-04-23,97879000000.0,0.23646656210970574,0.2476122366918237,0.1906537663850264,0.05003116092318066,4897000000.0,0.0,0.06783126614962924,6639256499.45956,5595106026.775957,2525465374.9666557,0.7138115813924973,0.05731395919486214,0.15726918710982143,0.08491640848523589,-0.0727933544103712,-35514000000.0,9229000000.0,True,14.44542772861357,-3.1742938863067574,0.02046268809499437,0.0,0.0,0.006007009057191759,2.0929873772791026,3538000000.0,0.08341891687364544,0.21783654802051533,True,0.044800000000000006,0.13419334822119863,0.050395302610832686,-0.04927693973596274,50.0,1.0,0.2153,3.0,0.2476122366918237,0.3169,cyclical_revenue;incremental_roic_below_wacc,,,,,,,,,,,,,,,,,,,,,,,,,,,,,,
GM,General Motors Company,,,,,Consumer Cyclical,Auto - Manufacturers,,,,,,,,81.5,2026-06-12,73485713393.0,,True,general_dcf,irr_below_solver_bound,,8.0,2025.0,ttm,2026-04-28,,0.03335752810947534,,,0.013443612117666813,,,0.054134788670623685,,,,,,,0.012923644576468926,-0.24899975272828603,,,,,6.019923103809857,0.0,,,-0.14167131736471228,,,,,,,0.08662575086279961,,-0.07370210628633068,,1.0,0.2487,,,0.40918770000000004,elevated_leverage;thin_interest_coverage;incremental_roic_below_wacc,-0.725689895216783,-0.95,-0.95,-0.05275958086713215,0.0,0.12,1.0,0.95,1.0699999999999998,-70.7197043813147,-34.24009551290055,25.218144339278826,-70.7197043813147,25.218144339278826,False,,-1.4201238713239333,0.4663445785664339,0.2487,-1.0699999999999998,0.40918770000000004,invalid,irr_below_solver_bound,irr_5y[base],forward_roic_floor_hit;share_change_floor_hit;reinvestment_cap_hit,,False,ok,True,bear;base
LHX,"L3Harris Technologies, Inc.",,,,,Industrials,Aerospace & Defense,,,,,,,,307.79,2026-06-12,57339738050.0,,True,general_dcf,invalid_valuation_output,,8.0,2025.0,ttm,2026-04-30,,0.18155465427374273,,,0.09934599813142324,,,0.09833066544706151,,,,,,,0.061126734566712984,0.009203348926480491,,,,,3.1317626527050613,0.01647870642154591,,,-0.009152778754501045,,,,,,,0.08021166759023504,,-0.019084933023522058,,1.0,0.3876,,,,elevated_leverage;thin_interest_coverage;incremental_roic_below_wacc,-0.5743084884939889,-0.95,-0.95,-0.19861697698797792,0.0,0.12,0.5,0.95,1.0699999999999998,,56.10175359200543,,,,True,"growth destroys value: forward ROIC 2.5% at/below WACC 8.0%, so higher-growth scenarios reinvest below the cost of capital and are worth less than the bear case",-0.8177271724487298,,0.3876,-1.0699999999999998,,invalid,invalid_valuation_output,irr_5y[bear];irr_5y[bull];scenario[bear];scenario[bull],reinvestment_cap_hit,,False,ok,False,
BKNG,Booking Holdings Inc.,,,,,Consumer Cyclical,Travel Services,,,,,,,,164.94,2026-06-12,127808449233.99998,,True,general_dcf,roic_not_meaningful:meaningless_capital,,8.0,2025.0,ttm,2026-04-28,,0.09210498198705142,,,0.3427962581717051,,,0.30839491031182165,,,,,,,-1.296699045803743,,,,,,0.28600823045267487,0.024806927217411654,,,-0.07440976939684663,,,,,,,0.09251709731541798,,-1.389216143119161,,1.0,0.6131,,,0.4338,cyclical_revenue,,,,,,,,,,,,,,,,,,,,,,,,,,,,meaningless_capital,,
FTNT,"Fortinet, Inc.",,,,,Technology,Software - Infrastructure,,,,,,,,146.3,2026-06-12,107186459603.0,,True,general_dcf,roic_not_meaningful:meaningless_capital,,8.0,2025.0,ttm,2026-05-08,,0.20864941060273168,,,0.310598494971517,,,0.21223779387210398,,,,,,,-1.093144402578954,,,,,,-1.1152696400813105,0.043302327143288896,,,-0.02656998785497633,,,,,,,0.10003447722058914,,-1.1931788797995433,,1.0,0.2182,,,0.6355,,,,,,,,,,,,,,,,,,,,,,,,,,,,,meaningless_capital,,
ABNB,"Airbnb, Inc.",,,,,Consumer Cyclical,Travel Services,,,,,,,,132.28,2026-06-12,78509982844.0,,True,general_dcf,roic_not_meaningful:meaningless_capital,,8.0,2025.0,ttm,2026-05-07,,0.18861479137930015,,,0.2049497904641417,,,0.1123329728199328,,,,,,,-1.094858455930283,4.443422297746731,,,,,-3.61707779886148,0.12673392181588902,,,-0.03661867752640424,,,,,,,0.10165965328357238,,-1.1965181092138553,,0.95,0.1125,,,0.3602,heavy_sbc;cyclical_revenue;peak_cycle_margins,,,,,,,,,,,,,,,,,,,,,,,,,,,,meaningless_capital,,
EXPE,"Expedia Group, Inc.",,,,,Consumer Cyclical,Travel Services,,,,,,,,224.89,2026-06-12,25749680110.0,,True,general_dcf,roic_not_meaningful:meaningless_capital,,8.0,2025.0,ttm,2026-05-08,,0.03964046576130609,,,0.16149232087535428,,,0.07764508327479386,,,,,,,-0.6796459880891328,,,,,,-0.9973102211595936,0.03216761430017914,,,-0.09015895454406941,,,,,,,0.09809326787148583,,-0.7777392559606187,,1.0,0.3937,,,0.3969,cyclical_revenue;peak_cycle_margins,,,,,,,,,,,,,,,,,,,,,,,,,,,,meaningless_capital,,
VRSN,"VeriSign, Inc.",,,,,Technology,Software - Infrastructure,,,,,,,,279.89,2026-06-12,25469990000.0,,True,general_dcf,roic_not_meaningful:meaningless_capital,,8.0,2025.0,ttm,2026-04-23,,0.045288243162276975,,,0.6793013307984791,,,0.6581874834837056,,,,,,,-0.9411568628911792,,,,,,1.0563945055882604,0.03998392605987543,,,-0.05273176281409042,,,,,,,0.07714649192050203,,-1.018303354811681,,1.0,0.2933,,,0.8495,,,,,,,,,,,,,,,,,,,,,,,,,,,,,meaningless_capital,,
CSGP,"CoStar Group, Inc.",,,,,Real Estate,Real Estate - Services,,,,,,,,32.84,2026-06-12,13410401681.0,,True,general_dcf,roic_not_meaningful:meaningless_capital,,8.0,2025.0,ttm,2026-04-29,,0.15393417399277043,,,-0.007561769102259738,,,0.190487205124872,,,,,,,-0.0025122055024257867,-0.0800471048627112,,,,,-0.6459948320413437,0.034623217922606926,,,0.013435211585532514,,,,,,,0.07947437146734909,,-0.08198657696977488,,1.0,0.4235,,,0.7121,thin_interest_coverage;incremental_roic_below_wacc,,,,,,,,,,,,,,,,,,,,,,,,,,,,meaningless_capital,,
PFE,Pfizer Inc.,,,,,Healthcare,Drug Manufacturers - General,,,,,,,,26.21,2026-06-12,149382322400.0,,True,general_dcf,insufficient_post_valuation_model_confidence,,8.0,2025.0,ttm,2026-05-05,,0.022244399137135495,,,0.23446260759693596,,,0.251237204699979,,,,,,,0.09443317477258431,-0.08432284924605535,,,,,2.3973497573721536,0.008815676792101153,,,-0.00011629935558732374,,,,,,,0.065,,0.02943317477258431,,1.0,0.7072,,,0.32440500000000005,cyclical_revenue;incremental_roic_below_wacc,0.007258236006600818,0.04079527514986697,-0.2740246972767636,0.22146709100343293,0.25,0.12,0.25,0.2740246972767636,0.3940246972767636,5.068019644232406,22.958676747887118,53.484397925713154,5.068019644232406,53.484397925713154,False,,-0.12404896040110192,0.26801374414009826,0.7072,-0.07920472485013302,0.32440500000000005,valid,,,forward_roic_floor_hit;wacc_floor_hit;reinvestment_cap_hit,,False,ok,False,
RCL,Royal Caribbean Cruises Ltd.,,,,,Consumer Cyclical,Travel Services,,,,,,,,294.38,2026-06-12,78951244100.0,,True,general_dcf,insufficient_post_valuation_model_confidence,,8.0,2025.0,ttm,2026-04-30,,0.0951297578173238,,,0.27876876223624103,,,0.1948857423143996,,,,,,,0.14838854937278867,1.0322532938013589,,,,,3.087189902799942,0.009757457485363814,,,0.020477559313449856,,,,,,,0.1166560820468953,,0.03173246732589337,,1.0,0.1654,,,0.294921,elevated_leverage;cyclical_revenue,-0.09241611033285158,-0.18231807961419688,-0.95,0.9449717178969874,0.25,0.12,0.75,0.95,1.0699999999999998,-82.14410797983062,66.41364108580211,5272.470800108576,-82.14410797983062,5272.470800108576,False,,-0.7743948600930698,0.9686382289484937,0.1654,-0.3023180796141969,0.294921,valid,,,forward_roic_cap_hit;reinvestment_cap_hit,bull_return_extreme,True,ok,True,bear
CI,Cigna Corporation,,,,,Healthcare,Medical - Healthcare Plans,,,,,,,,298.0,2026-06-12,78830535702.0,,True,general_dcf,insufficient_post_valuation_model_confidence,,8.0,2025.0,ttm,2026-04-30,,0.28071776602947707,,,0.0342371125118729,,,0.046214788416645225,,,,,,,0.11515013086565208,,,,,,1.8788619874459933,0.0,,,-0.054977349109980755,,,,,,,0.065,,0.05015013086565208,,1.0,0.7373,,,0.3279771000000001,cyclical_revenue,0.30288031243762825,0.33794353363919083,-0.10095849883509796,0.6365926813072293,0.75,0.12,0.25,0.10095849883509796,0.22095849883509794,138.19878167731275,887.1510645230682,2612.7310427616694,138.19878167731275,2612.7310427616694,False,,1.977016995043853,0.3889362770711637,0.7373,0.21794353363919083,0.3279771000000001,valid,,,share_change_floor_hit;wacc_floor_hit;reinvestment_cap_hit;intrinsic_2x_price,bull_return_extreme,True,ok,False,
VLO,Valero Energy Corporation,,,,,Energy,Oil & Gas Refining & Marketing,,,,,,,,258.67,2026-06-12,76807659110.0,,True,general_dcf,insufficient_post_valuation_model_confidence,,8.0,2025.0,ttm,2026-04-30,,0.006762829683323979,,,0.046065563375816375,,,0.03527931484866552,,,,,,,0.15542152431805298,1.322717358761822,,,,,0.6314288847461345,0.0,,,-0.09042113737625035,,,,,,,0.06918735856201913,,0.08623416575603385,,1.0,0.6104,,,0.29313900000000004,cyclical_revenue,0.03812221888583735,0.0865425072348444,-0.4414405827294104,0.420844443803071,0.25,0.12,0.25,0.4414405827294104,0.5614405827294104,19.29959133079928,274.03768931125956,925.9718516890734,19.29959133079928,925.9718516890734,False,,0.059410404419760754,0.4523483432662407,0.6104,-0.0334574927651556,0.29313900000000004,valid,,,forward_roic_cap_hit;share_change_floor_hit,,False,ok,False,
NUE,Nucor Corporation,,,,,Basic Materials,Steel,,,,,,,,266.35,2026-06-12,60658815350.0,,True,general_dcf,insufficient_post_valuation_model_confidence,,8.0,2025.0,ttm,2026-05-13,,0.0377659712539784,,,0.10043911007025762,,,0.11697359193322268,,,,,,,0.10333105094497737,-0.6325505968527176,,,,,0.9545641447368421,0.004093063334769496,,,-0.04489176197068445,,,,,,,0.1303150108096004,,-0.026983959864623028,,1.0,0.3119,,,0.300186,cyclical_revenue;incremental_roic_below_wacc,-0.19013369711392444,-0.15163242228736634,-0.520210443189717,0.06294049930875192,0.0,0.12,0.75,0.520210443189717,0.640210443189717,9.056988520890505,51.3455954942312,186.9465321667381,9.056988520890505,186.9465321667381,False,,-0.807225096698963,0.31256989124923445,0.3119,-0.27163242228736634,0.300186,valid,,,forward_roic_floor_hit;reinvestment_cap_hit,,False,ok,False,
TRGP,Targa Resources Corp.,,,,,Energy,Oil & Gas Midstream,,,,,,,,272.6,2026-06-12,58511954400.0,,True,general_dcf,insufficient_post_valuation_model_confidence,,8.0,2025.0,ttm,2026-05-07,,0.07168159275251673,,,0.21111117895238155,,,0.12727401277133776,,,,,,,0.13488110868993863,0.11759726984571758,,,,,3.782660544988373,0.003801069351472614,,,-0.023783437834287047,,,,,,,0.07325626602874684,,0.061624842661191795,,1.0,0.6616,,,0.33021,elevated_leverage;cyclical_revenue;peak_cycle_margins,-0.28811330897260634,-0.1547432750638109,-0.95,0.10703331423719648,0.0,0.12,0.75,0.95,1.0699999999999998,-43.022707942823764,74.60088390285496,312.709131824348,-43.022707942823764,312.709131824348,False,,-0.7263357156901873,0.5486103571185982,0.6616,-0.2747432750638109,0.33021,valid,,,reinvestment_cap_hit,,False,ok,True,bear
OXY,Occidental Petroleum Corporation,,,,,Energy,Oil & Gas Exploration & Production,,,,,,,,56.54,2026-06-12,56236645995.0,,True,general_dcf,insufficient_post_valuation_model_confidence,,8.0,2025.0,ttm,2026-05-05,,0.047826061550417354,,,0.12392167011732229,,,0.18189802822830284,,,,,,,0.04131663793772317,-0.06896704238775772,,,,,0.9450199203187251,0.0,,,-0.0006324691278082328,,,,,,,0.06808734146931396,,-0.026770703531590785,,1.0,0.4233,,,0.325134,thin_interest_coverage;cyclical_revenue;incremental_roic_below_wacc,-0.24566388190723953,-0.08620485336286943,-0.95,0.1397541790967807,0.25,0.12,0.75,0.95,1.0699999999999998,-0.12113652408643145,24.17673889315559,79.04525174443054,-0.12113652408643145,79.04525174443054,False,,-0.5723958455402265,0.5651230695483903,0.4233,-0.20620485336286942,0.325134,valid,,,forward_roic_floor_hit;reinvestment_cap_hit,,False,ok,True,bear
XYZ,"Block, Inc.",,,,,Technology,Software - Infrastructure,,,,,,,,69.52,2026-06-12,41376980965.0,,True,general_dcf,insufficient_post_valuation_model_confidence,,8.0,2025.0,ttm,2026-05-07,,0.32932929414529255,,,0.11744055064285595,,,0.007378305230987299,,,,,,,0.15598853072854496,0.13986343940496004,,,,,-1.7260301310687356,0.052766311653143834,,,0.010617238990048072,,,,,,,0.14,,0.015988530728544947,,1.0,0.1391,,,0.285849,heavy_sbc;cyclical_revenue;peak_cycle_margins;incremental_roic_below_wacc,-0.2536711555236252,-0.27951717925607233,-0.36703817231464186,-0.08861209126771424,0.0,0.12,1.0,0.36703817231464186,0.48703817231464186,9.247291986034764,10.697785908353861,26.112955108849217,9.247291986034764,26.112955108849217,False,,-0.8461193051157385,0.1606375705234638,0.1391,-0.39951717925607233,0.285849,valid,,,wacc_cap_hit;reinvestment_cap_hit,,False,ok,False,
DVN,Devon Energy Corporation,,,,,Energy,Oil & Gas Exploration & Production,,,,,,,,45.31,2026-06-12,28157043639.0,,True,general_dcf,insufficient_post_valuation_model_confidence,,8.0,2025.0,ttm,2026-05-06,,0.09865543909633834,,,0.18835761349211147,,,0.24335070512560336,,,,,,,0.11008985011601642,0.05344577191116125,,,,,1.011039832910637,0.00609516319307904,,,-0.016081632778892296,,,,,,,0.065,,0.04508985011601642,,1.0,0.6057,,,0.26710560000000005,cyclical_revenue;incremental_roic_below_wacc,0.2556784161628457,0.2796560168964789,-0.15441103075863793,0.6178126616170629,0.75,0.12,0.25,0.15441103075863793,0.27441103075863793,16.17528364431689,115.90467032007768,386.97102842959936,16.17528364431689,386.97102842959936,False,,1.5580373056737513,0.40809867818785045,0.6057,0.1596560168964789,0.26710560000000005,valid,,,base_growth_cap_hit;wacc_floor_hit;reinvestment_cap_hit;intrinsic_2x_price,bull_return_extreme,True,ok,False,
IFF,International Flavors & Fragrances Inc.,,,,,Basic Materials,Chemicals - Specialty,,,,,,,,78.27,2026-06-12,19982602832.0,,True,general_dcf,insufficient_post_valuation_model_confidence,,8.0,2025.0,ttm,2026-05-05,,0.15474910231569639,,,0.07563959955506118,,,0.07201006934549255,,,,,,,0.034781722360572184,,,,,,2.804162219850587,0.0056625141562853904,,,0.0026075737341737515,,,,,,,0.08285659966458457,,-0.04807487730401239,,1.0,0.225,,,0.33984,thin_interest_coverage;cyclical_revenue,-0.34168766752991353,-0.27154216751805504,-0.95,0.1263336649164558,0.25,0.12,0.75,0.95,1.0699999999999998,-18.756672367411447,5.245244644418828,94.77583633068132,-18.756672367411447,94.77583633068132,False,,-0.9329852479312786,0.5579716324582278,0.225,-0.39154216751805504,0.33984,valid,,,reinvestment_cap_hit,,False,ok,True,bear
CF,"CF Industries Holdings, Inc.",,,,,Basic Materials,Agricultural Inputs,,,,,,,,109.48,2026-06-12,16819302920.0,,True,general_dcf,insufficient_post_valuation_model_confidence,,8.0,2025.0,ttm,2026-05-07,,0.0693970500262917,,,0.35682462535439446,,,0.31057439237664275,,,,,,,0.31208152796787686,0.12291746992958627,,,,,0.4447576099210823,0.006064690026954178,,,-0.08877789063171027,,,,,,,0.06609181416284567,,0.2459897138050312,,1.0,0.8943,,,0.29718900000000004,cyclical_revenue,0.33389034220599567,0.36337717908900236,0.04346165106398987,0.565345359581988,0.75,0.12,0.0,0.0,0.07653834893601012,99.21318291926795,327.78041299572345,708.0408027844787,99.21318291926795,708.0408027844787,False,,1.9939752739835899,0.282026184258999,0.8943,0.24337717908900236,0.29718900000000004,valid,,,share_change_floor_hit;reinvestment_cap_hit;intrinsic_2x_price,,False,ok,False,
BLDR,"Builders FirstSource, Inc.",,,,,Industrials,Construction,,,,,,,,77.77,2026-06-12,8364941200.0,,True,general_dcf,insufficient_post_valuation_model_confidence,,8.0,2025.0,ttm,2026-04-30,,0.10142713470583886,,,0.04181925369449369,,,0.08040553338465037,,,,,,,0.052331275047744256,-0.7504917448173807,,,,,4.276196098579535,0.0035226960184292456,,,-0.12406755532779667,,,,,,,0.09736672616000308,,-0.045035451112258824,,1.0,0.5976,,,0.31419900000000006,elevated_leverage;thin_interest_coverage;cyclical_revenue;incremental_roic_below_wacc,-0.25830013107042754,-0.13478494685841713,-0.95,0.18636936943512414,0.25,0.12,0.75,0.95,1.0699999999999998,-25.69648307064591,11.490398077683455,113.47637861959083,-25.69648307064591,113.47637861959083,False,,-0.8522515355833424,0.588758714717562,0.5976,-0.2547849468584171,0.31419900000000006,valid,,,forward_roic_floor_hit;share_change_floor_hit;reinvestment_cap_hit,,False,ok,True,bear
NVDA,NVIDIA Corporation,,,,,Technology,Semiconductors,,,,,,,,205.19,2026-06-12,4969906990000.0,,True,general_dcf,insufficient_post_valuation_model_confidence,,8.0,2026.0,ttm,2026-05-20,,0.5163268176717339,,,0.6402002437956377,,,0.3488807007223773,,,,,,,1.1436037771305083,1.2181591200485862,,,,,-0.40937926701064564,0.03629968505023104,,,-0.009110809543960374,,,,,,,0.14,,1.0036037771305084,,1.0,0.8597,,,0.3443796,cyclical_revenue;peak_cycle_margins,-0.1830712337210571,-0.1769535558036296,-0.3288876027436346,-0.04949022053333463,0.0,0.12,0.75,0.3288876027436346,0.4488876027436346,22.82412435463442,49.831554024107454,90.05238308325997,22.82412435463442,90.05238308325997,False,,-0.7571443344017377,0.15936730310515,0.8597,-0.2969535558036296,0.3443796,valid,,,base_growth_cap_hit;forward_roic_cap_hit;wacc_cap_hit,,False,ok,False,
MU,"Micron Technology, Inc.",,,,,Technology,Semiconductors,,,,,,,,981.61,2026-06-12,1106991045300.0,,True,general_dcf,insufficient_post_valuation_model_confidence,,8.0,2025.0,ttm,2026-03-19,,0.030003556214882376,,,0.4852457888126086,,,0.24542062073250998,,,,,,,0.36977069432708837,0.19500453035336757,,,,,-0.10332133286414205,0.03317271315359802,,,0.0053192490045776974,,,,,,,0.14,,0.22977069432708835,,1.0,0.6493,,,0.300348,cyclical_revenue;peak_cycle_margins,-0.2689850275132812,-0.2548452354658366,-0.46462520061868406,-0.10162443850276756,0.0,0.12,1.0,0.46462520061868406,0.5846252006186841,47.94330037121749,136.05356741900266,309.99842074453227,47.94330037121749,309.99842074453227,False,,-0.8613975332168553,0.20248994105795823,0.6493,-0.3748452354658366,0.300348,valid,,,base_growth_cap_hit;wacc_cap_hit;reinvestment_cap_hit,,False,ok,False,
AMD,"Advanced Micro Devices, Inc.",,,,,Technology,Semiconductors,,,,,,,,511.57,2026-06-12,834166042000.0,,True,general_dcf,insufficient_post_valuation_model_confidence,,8.0,2025.0,ttm,2026-05-06,,0.270710183654467,,,0.11651625994553319,,,0.08371580449937913,,,,,,,0.070153252598864,0.0007905440241364166,,,,,-1.148042801029392,0.05456660849331006,,,0.01648877328715903,,,,,,,0.14,,-0.06984674740113601,,1.0,0.3728,,,0.28212300000000007,heavy_sbc;cyclical_revenue;incremental_roic_below_wacc,-0.44219546549920785,-0.44011066375096564,-0.5336312190171157,-0.3549293154777843,0.0,0.12,1.0,0.5336312190171157,0.6536312190171157,10.325225135506521,16.682808139956894,32.26177455693798,10.325225135506521,32.26177455693798,False,,-0.9673890022089706,0.11088726176966573,0.3728,-0.5601106637509656,0.28212300000000007,valid,,,base_growth_cap_hit;wacc_cap_hit;reinvestment_cap_hit,,False,ok,False,
APP,AppLovin Corporation,,,,,Technology,Software - Application,,,,,,,,496.77,2026-06-12,166884671376.0,,True,general_dcf,insufficient_post_valuation_model_confidence,,8.0,2025.0,ttm,2026-05-06,,0.4146597473550675,,,0.7708820555881453,,,0.30745539335669747,,,,,,,1.3712427464879504,,,,,,0.15414002187855697,0.11456586699122659,,,-0.030373028611091257,,,,,,,0.14,,1.2312427464879505,,1.0,0.5555,,,0.30902310000000005,heavy_sbc;cyclical_revenue;peak_cycle_margins,-0.29038863549831145,-0.27972321003544487,-0.5177197520170012,-0.08438836990535489,0.0,0.12,1.0,0.5177197520170012,0.6377197520170012,17.68694271030473,72.1643588580386,183.2904020413957,17.68694271030473,183.2904020413957,False,,-0.8547328565371528,0.23739499805582312,0.5555,-0.39972321003544486,0.30902310000000005,valid,,,base_growth_cap_hit;forward_roic_cap_hit;wacc_cap_hit,,False,ok,False,
STLD,"Steel Dynamics, Inc.",,,,,Basic Materials,Steel,,,,,,,,282.76,2026-06-12,40777667880.0,,True,general_dcf,insufficient_post_valuation_model_confidence,,8.0,2025.0,ttm,2026-04-27,,0.06338270758670328,,,0.09408910384276574,,,0.1282361152060176,,,,,,,0.1082137415105311,-0.5172957329697684,,,,,1.5404214884102734,0.0032850737917894013,,,-0.07779946279753047,,,,,,,0.11393616341265744,,-0.005722421902126337,,1.0,0.6156,,,0.2855493,cyclical_revenue;incremental_roic_below_wacc,-0.14269323253975014,-0.13031043744122134,-0.3579931564352592,0.047841101158701375,0.0,0.12,0.75,0.3579931564352592,0.4779931564352592,24.220492878013456,69.9044366693521,199.22991733252988,24.220492878013456,199.22991733252988,False,,-0.7527781982269341,0.2243506497969803,0.6156,-0.25031043744122133,0.2855493,valid,,,forward_roic_floor_hit;share_change_floor_hit;reinvestment_cap_hit,,False,ok,False,
APA,APA Corporation,,,,,Energy,Oil & Gas Exploration & Production,,,,,,,,37.02,2026-06-12,13085459399.999998,,True,general_dcf,insufficient_post_valuation_model_confidence,,8.0,2025.0,ttm,2026-05-07,,0.028082479749838907,,,0.34630124259667866,,,0.3184182911929025,,,,,,,0.19597132963435437,0.008723172606689075,,,,,0.7987575301204819,0.0,,,0.020593996919940682,,,,,,,0.065,,0.13097132963435437,,1.0,0.7238,,,0.340524,cyclical_revenue;incremental_roic_below_wacc,0.21327666409197266,0.22203923326451333,-0.012664746190421254,0.42169293602928526,0.75,0.12,0.0,0.012664746190421254,0.13266474619042126,28.316068786882223,82.55119049362857,184.51662163460497,28.316068786882223,184.51662163460497,False,,1.2299079009624139,0.23696312110985324,0.7238,0.10203923326451333,0.340524,valid,,,wacc_floor_hit;reinvestment_cap_hit;intrinsic_2x_price,,False,ok,False,
