ticker,name,exchange,security_type,is_adr,listing_date,sector,industry,country,shares_outstanding,beta,market_cap_hint,as_of,source,fetched_at,price,price_as_of,market_cap,avg_dollar_volume,is_price_fresh,model_family,watchlist_reason,event_flags,years_of_data,latest_fiscal_year,anchor_source,latest_filing_date,revenue,revenue_cagr,revenue_volatility,gross_margin,current_operating_margin,reported_operating_income,one_off_items_latest,normalized_operating_margin,normalized_operating_income,normalized_nopat,normalized_fcf,normalized_fcf_per_share,margin_volatility,tax_rate,roic,incremental_roic,net_debt,total_debt,interest_expense_known,interest_coverage,net_debt_to_ebitda,sbc_intensity,dividends_paid,buybacks,net_share_change_cagr,ocf_to_net_income,shares_diluted,analyst_growth,analyst_dispersion,has_estimates,risk_free,wacc,cost_of_debt_after_tax,roic_minus_wacc,filing_age_days,data_confidence,financial_persistence_score,roic_above_wacc_years,cyclicality,model_confidence,risk_flags
BRK-B,Berkshire Hathaway Inc.,NYSE,common_stock,False,1996-05-09,Financial Services,Insurance - Diversified,US,2156853740.0,0.617,1055240683488.5,2026-06-12,fmp:company-screener,2026-06-13T10:24:26.283810+00:00,489.25,2026-06-12,1055240692295.0,2302906572.1629033,True,insurance,insurance_model_not_supported,,,,,,,,,,,,,,,,,,,,,,,,,,,,,,,,,,,,,,,,,,,,,,
JPM,JPMorgan Chase & Co.,NYSE,common_stock,False,1980-03-17,Financial Services,Banks - Diversified,US,2679511418.0001245,1.0,859372901980.9601,2026-06-12,fmp:company-screener,2026-06-13T10:24:26.283810+00:00,320.72,2026-06-12,859372901981.0,2763407891.3587093,True,bank,bank_model_not_supported,,,,,,,,,,,,,,,,,,,,,,,,,,,,,,,,,,,,,,,,,,,,,,
V,Visa Inc.,NYSE,common_stock,False,2008-03-19,Financial Services,Financial - Credit Services,US,1916826361.0006514,0.765,617965650522.7899,2026-06-12,fmp:company-screener,2026-06-13T10:24:26.283810+00:00,322.39,2026-06-12,617965650523.0,2493188818.3970966,True,consumer_finance,consumer_finance_model_not_supported,,,,,,,,,,,,,,,,,,,,,,,,,,,,,,,,,,,,,,,,,,,,,,
MA,Mastercard Incorporated,NYSE,common_stock,False,2006-05-25,Financial Services,Financial - Credit Services,US,883583856.0002449,0.738,429872381782.56,2026-06-12,fmp:company-screener,2026-06-13T10:24:26.283810+00:00,489.98,2026-06-12,432938417763.0,1841234745.4003227,True,consumer_finance,consumer_finance_model_not_supported,,,,,,,,,,,,,,,,,,,,,,,,,,,,,,,,,,,,,,,,,,,,,,
BAC,Bank of America Corporation,NYSE,common_stock,False,1973-02-21,Financial Services,Banks - Diversified,US,7096590650.999642,1.196,397551008269.02,2026-06-12,fmp:company-screener,2026-06-13T10:24:26.283810+00:00,56.02,2026-06-12,397551008269.0,1956034729.3112903,True,bank,bank_model_not_supported,,,,,,,,,,,,,,,,,,,,,,,,,,,,,,,,,,,,,,,,,,,,,,
MS,Morgan Stanley,NYSE,common_stock,False,1993-02-23,Financial Services,Financial - Capital Markets,US,1577284817.0014951,1.221,337602042230.68,2026-06-12,fmp:company-screener,2026-06-13T10:24:26.283810+00:00,214.04,2026-06-12,337602042231.0,1152460597.4219356,True,asset_management,asset_management_model_not_supported,,,,,,,,,,,,,,,,,,,,,,,,,,,,,,,,,,,,,,,,,,,,,,
GS,"The Goldman Sachs Group, Inc.",NYSE,common_stock,False,1999-05-04,Financial Services,Financial - Capital Markets,US,295007421.00023526,1.291,305521485484.44,2026-06-12,fmp:company-screener,2026-06-13T10:24:26.283810+00:00,1062.75,2026-06-12,313519136668.0,1997097161.2187097,True,asset_management,asset_management_model_not_supported,,,,,,,,,,,,,,,,,,,,,,,,,,,,,,,,,,,,,,,,,,,,,,
WFC,Wells Fargo & Company,NYSE,common_stock,False,1972-06-01,Financial Services,Banks - Diversified,US,3060190000.0,0.93,256229708700.0,2026-06-12,fmp:company-screener,2026-06-13T10:24:26.283810+00:00,83.73,2026-06-12,256229708700.0,1388430106.8700001,True,bank,bank_model_not_supported,,,,,,,,,,,,,,,,,,,,,,,,,,,,,,,,,,,,,,,,,,,,,,
C,Citigroup Inc.,NYSE,common_stock,False,1977-01-03,Financial Services,Banks - Diversified,US,1705576977.0006435,1.115,238490828693.91003,2026-06-12,fmp:company-screener,2026-06-13T10:24:26.283810+00:00,139.83,2026-06-12,238490828694.0,1546439703.2480645,True,bank,bank_model_not_supported,,,,,,,,,,,,,,,,,,,,,,,,,,,,,,,,,,,,,,,,,,,,,,
AXP,American Express Company,NYSE,common_stock,False,1972-06-01,Financial Services,Financial - Credit Services,US,682326443.0002458,1.058,218562806221.76,2026-06-12,fmp:company-screener,2026-06-13T10:24:26.283810+00:00,325.44,2026-06-12,222056317610.0,956012511.7790323,True,consumer_finance,consumer_finance_model_not_supported,,,,,,,,,,,,,,,,,,,,,,,,,,,,,,,,,,,,,,,,,,,,,,
BLK,"BlackRock, Inc.",NYSE,common_stock,False,1999-10-01,Financial Services,Asset Management,US,155233989.0,1.434,160201476648.0,2026-06-12,fmp:company-screener,2026-06-13T10:24:26.283810+00:00,1032.0,2026-06-12,160201476648.0,719864037.2935483,True,asset_management,asset_management_model_not_supported,,,,,,,,,,,,,,,,,,,,,,,,,,,,,,,,,,,,,,,,,,,,,,
SCHW,The Charles Schwab Corporation,NYSE,common_stock,False,1987-09-22,Financial Services,Financial - Capital Markets,US,1739140000.0,0.773,155253027800.0,2026-06-12,fmp:company-screener,2026-06-13T10:24:26.283810+00:00,91.1,2026-06-12,158435654000.0,991781257.665484,True,asset_management,asset_management_model_not_supported,,,,,,,,,,,,,,,,,,,,,,,,,,,,,,,,,,,,,,,,,,,,,,
WELL,Welltower Inc.,NYSE,common_stock,False,1980-03-19,Real Estate,REIT - Healthcare Facilities,US,705914000.0,0.78,151227956220.0,2026-06-12,fmp:company-screener,2026-06-13T10:24:26.283810+00:00,214.23,2026-06-12,151227956220.0,716905524.5729032,True,reit,reit_model_not_supported,,,,,,,,,,,,,,,,,,,,,,,,,,,,,,,,,,,,,,,,,,,,,,
BX,Blackstone Inc.,NYSE,common_stock,False,2007-06-22,Financial Services,Asset Management,US,1201264407.9973938,1.585,147166902624.08002,2026-06-12,fmp:company-screener,2026-06-13T10:24:26.283810+00:00,122.79,2026-06-12,147503256658.0,878459973.5374193,True,asset_management,asset_management_model_not_supported,,,,,,,,,,,,,,,,,,,,,,,,,,,,,,,,,,,,,,,,,,,,,,
PLD,"Prologis, Inc.",NYSE,common_stock,False,1997-11-21,Real Estate,REIT - Industrial,US,932338000.0,1.334,135906910260.00002,2026-06-12,fmp:company-screener,2026-06-13T10:24:26.283810+00:00,148.74,2026-06-12,138675954120.0,497196816.893871,True,reit,reit_model_not_supported,,,,,,,,,,,,,,,,,,,,,,,,,,,,,,,,,,,,,,,,,,,,,,
SPGI,S&P Global Inc.,NYSE,common_stock,False,2016-04-28,Financial Services,Financial - Data & Stock Exchanges,US,296000000.0,1.076,123997360000.0,2026-06-12,fmp:company-screener,2026-06-13T10:24:26.283810+00:00,418.91,2026-06-12,123997360000.0,869724689.61,True,financial_other,financial_sector_model_not_supported,,,,,,,,,,,,,,,,,,,,,,,,,,,,,,,,,,,,,,,,,,,,,,
PGR,The Progressive Corporation,NYSE,common_stock,False,1980-03-17,Financial Services,Insurance - Property & Casualty,US,584337000.0,0.27,118684688070.00002,2026-06-12,fmp:company-screener,2026-06-13T10:24:26.283810+00:00,203.11,2026-06-12,118684688070.00002,601104001.9141935,True,insurance,insurance_model_not_supported,,,,,,,,,,,,,,,,,,,,,,,,,,,,,,,,,,,,,,,,,,,,,,
COF,Capital One Financial Corporation,NYSE,common_stock,False,1994-11-16,Financial Services,Financial - Credit Services,US,622292783.0022194,1.037,111657994053.69,2026-06-12,fmp:company-screener,2026-06-13T10:24:26.283810+00:00,184.73,2026-06-12,114956145803.99998,877493926.1564516,True,consumer_finance,consumer_finance_model_not_supported,,,,,,,,,,,,,,,,,,,,,,,,,,,,,,,,,,,,,,,,,,,,,,
PNC,"The PNC Financial Services Group, Inc.",NYSE,common_stock,False,1975-11-17,Financial Services,Banks - Regional,US,401565000.0,0.918,95435937900.0,2026-06-12,fmp:company-screener,2026-06-13T10:24:26.283810+00:00,237.66,2026-06-12,95435937900.0,475330373.95903224,True,bank,bank_model_not_supported,,,,,,,,,,,,,,,,,,,,,,,,,,,,,,,,,,,,,,,,,,,,,,
USB,U.S. Bancorp,NYSE,common_stock,False,1973-05-03,Financial Services,Banks - Diversified,US,1552300000.0,0.999,88186163000.0,2026-06-12,fmp:company-screener,2026-06-13T10:24:26.283810+00:00,58.94,2026-06-12,91492562000.0,521813780.1780645,True,bank,bank_model_not_supported,,,,,,,,,,,,,,,,,,,,,,,,,,,,,,,,,,,,,,,,,,,,,,
AMT,American Tower Corporation,NYSE,common_stock,False,1998-02-27,Real Estate,REIT - Specialty,US,465893068.9977562,0.891,87205864655.42,2026-06-12,fmp:company-screener,2026-06-13T10:24:26.283810+00:00,187.18,2026-06-12,87205864655.0,595208794.2406452,True,reit,reit_model_not_supported,,,,,,,,,,,,,,,,,,,,,,,,,,,,,,,,,,,,,,,,,,,,,,
KKR,KKR & Co. Inc.,NYSE,common_stock,False,2010-07-15,Financial Services,Asset Management,US,897872941.0016626,1.791,85567291277.3,2026-06-12,fmp:company-screener,2026-06-13T10:24:26.283810+00:00,96.24,2026-06-12,86411291842.0,513676668.82354844,True,asset_management,asset_management_model_not_supported,,,,,,,,,,,,,,,,,,,,,,,,,,,,,,,,,,,,,,,,,,,,,,
MRSH,"Marsh & McLennan Companies, Inc.",NYSE,common_stock,False,1987-12-30,Financial Services,Insurance - Brokers,US,481795000.0,0.611,80532034250.0,2026-06-12,fmp:company-screener,2026-06-13T10:24:26.283810+00:00,168.68,2026-06-12,81269180600.0,537820256.067742,True,insurance,insurance_model_not_supported,,,,,,,,,,,,,,,,,,,,,,,,,,,,,,,,,,,,,,,,,,,,,,
ICE,"Intercontinental Exchange, Inc.",NYSE,common_stock,False,2005-11-16,Financial Services,Financial - Data & Stock Exchanges,US,565512494.9975095,0.922,78594926555.09999,2026-06-12,fmp:company-screener,2026-06-13T10:24:26.283810+00:00,140.53,2026-06-12,79471470922.00002,571912824.1325806,True,financial_other,financial_sector_model_not_supported,,,,,,,,,,,,,,,,,,,,,,,,,,,,,,,,,,,,,,,,,,,,,,
MCO,Moody's Corporation,NYSE,common_stock,False,1994-10-31,Financial Services,Financial - Data & Stock Exchanges,US,174700000.0,1.339,77185954000.0,2026-06-12,fmp:company-screener,2026-06-13T10:24:26.283810+00:00,447.85,2026-06-12,78239395000.0,483959528.9864516,True,financial_other,financial_sector_model_not_supported,,,,,,,,,,,,,,,,,,,,,,,,,,,,,,,,,,,,,,,,,,,,,,
APO,"Apollo Global Management, Inc.",NYSE,common_stock,False,2011-03-30,Financial Services,Asset Management,US,576517512.9967135,1.488,77184164640.44,2026-06-12,fmp:company-screener,2026-06-13T10:24:26.283810+00:00,133.88,2026-06-12,77184164640.0,497868228.01096773,True,asset_management,asset_management_model_not_supported,,,,,,,,,,,,,,,,,,,,,,,,,,,,,,,,,,,,,,,,,,,,,,
AON,Aon plc,NYSE,common_stock,False,1980-06-02,Financial Services,Insurance - Brokers,US,213576948.99943337,0.714,71614486769.19,2026-06-12,fmp:company-screener,2026-06-13T10:24:26.283810+00:00,335.31,2026-06-12,71614486769.0,466563895.16516125,True,insurance,insurance_model_not_supported,,,,,,,,,,,,,,,,,,,,,,,,,,,,,,,,,,,,,,,,,,,,,,
SPG,"Simon Property Group, Inc.",NYSE,common_stock,False,1993-12-14,Real Estate,REIT - Retail,US,324282000.0,1.346,69675230520.0,2026-06-12,fmp:company-screener,2026-06-13T10:24:26.283810+00:00,219.04,2026-06-12,71030729280.0,332667351.4077419,True,reit,reit_model_not_supported,,,,,,,,,,,,,,,,,,,,,,,,,,,,,,,,,,,,,,,,,,,,,,
TRV,"The Travelers Companies, Inc.",NYSE,common_stock,False,1975-11-17,Financial Services,Insurance - Property & Casualty,US,212644693.00072262,0.495,64507894068.48,2026-06-12,fmp:company-screener,2026-06-13T10:24:26.283810+00:00,304.46,2026-06-12,64741803231.0,457005501.66129035,True,insurance,insurance_model_not_supported,,,,,,,,,,,,,,,,,,,,,,,,,,,,,,,,,,,,,,,,,,,,,,
DLR,"Digital Realty Trust, Inc.",NYSE,common_stock,False,2004-10-29,Real Estate,REIT - Specialty,US,351406000.0,1.046,64542740019.99999,2026-06-12,fmp:company-screener,2026-06-13T10:24:26.283810+00:00,184.2,2026-06-12,64728985199.99999,390809024.4029032,True,reit,reit_model_not_supported,,,,,,,,,,,,,,,,,,,,,,,,,,,,,,,,,,,,,,,,,,,,,,
TFC,Truist Financial Corporation,NYSE,common_stock,False,1980-03-18,Financial Services,Banks - Regional,US,1245879274.9903214,0.884,63141161657.0,2026-06-12,fmp:company-screener,2026-06-13T10:24:26.283810+00:00,51.66,2026-06-12,64362123346.0,427596733.06741935,True,bank,bank_model_not_supported,,,,,,,,,,,,,,,,,,,,,,,,,,,,,,,,,,,,,,,,,,,,,,
AFL,Aflac Incorporated,NYSE,common_stock,False,1980-03-17,Financial Services,Insurance - Life,US,508985000.0,0.61,59749749150.0,2026-06-12,fmp:company-screener,2026-06-13T10:24:26.283810+00:00,117.8,2026-06-12,59958433000.0,294668556.4387097,True,insurance,insurance_model_not_supported,,,,,,,,,,,,,,,,,,,,,,,,,,,,,,,,,,,,,,,,,,,,,,
O,Realty Income Corporation,NYSE,common_stock,False,1994-10-18,Real Estate,REIT - Retail,US,932492530.0063776,0.734,58485931481.6,2026-06-12,fmp:company-screener,2026-06-13T10:24:26.283810+00:00,62.72,2026-06-12,58485931482.0,367785209.26,True,reit,reit_model_not_supported,,,,,,,,,,,,,,,,,,,,,,,,,,,,,,,,,,,,,,,,,,,,,,
PSA,Public Storage,NYSE,common_stock,False,1980-11-18,Real Estate,REIT - Industrial,US,175545747.99963182,0.963,56950200474.664,2026-06-12,fmp:company-screener,2026-06-13T10:24:26.283810+00:00,325.94,2026-06-12,57217381102.99999,304527337.7725807,True,reit,reit_model_not_supported,,,,,,,,,,,,,,,,,,,,,,,,,,,,,,,,,,,,,,,,,,,,,,
MET,"MetLife, Inc.",NYSE,common_stock,False,2000-04-05,Financial Services,Insurance - Life,US,643437000.0,0.783,57162943080.0,2026-06-12,fmp:company-screener,2026-06-13T10:24:26.283810+00:00,88.84,2026-06-12,57162943080.0,284603699.2725807,True,insurance,insurance_model_not_supported,,,,,,,,,,,,,,,,,,,,,,,,,,,,,,,,,,,,,,,,,,,,,,
ALL,The Allstate Corporation,NYSE,common_stock,False,1993-06-03,Financial Services,Insurance - Property & Casualty,US,257421000.0,0.192,57492406140.0,2026-06-12,fmp:company-screener,2026-06-13T10:24:26.283810+00:00,221.63,2026-06-12,57052216230.0,344597033.91935486,True,insurance,insurance_model_not_supported,,,,,,,,,,,,,,,,,,,,,,,,,,,,,,,,,,,,,,,,,,,,,,
AJG,Arthur J. Gallagher & Co.,NYSE,common_stock,False,1984-06-20,Financial Services,Insurance - Brokers,US,256942000.0,0.533,56758487800.0,2026-06-12,fmp:company-screener,2026-06-13T10:24:26.283810+00:00,218.69,2026-06-12,56190645980.0,412190342.29193544,True,insurance,insurance_model_not_supported,,,,,,,,,,,,,,,,,,,,,,,,,,,,,,,,,,,,,,,,,,,,,,
STT,State Street Corporation,NYSE,common_stock,False,1980-03-17,Financial Services,Asset Management,US,276767033.0012528,1.451,45625045390.049995,2026-06-12,fmp:company-screener,2026-06-13T10:24:26.283810+00:00,167.63,2026-06-12,46394457742.0,314827528.1993548,True,asset_management,asset_management_model_not_supported,,,,,,,,,,,,,,,,,,,,,,,,,,,,,,,,,,,,,,,,,,,,,,
ARES,Ares Management Corporation,NYSE,common_stock,False,2014-05-02,Financial Services,Asset Management,US,328414955.99703485,1.516,44680854764.0,2026-06-12,fmp:company-screener,2026-06-13T10:24:26.283810+00:00,134.9,2026-06-12,44303177564.0,381877029.52774197,True,asset_management,asset_management_model_not_supported,,,,,,,,,,,,,,,,,,,,,,,,,,,,,,,,,,,,,,,,,,,,,,
MSCI,MSCI Inc.,NYSE,common_stock,False,2007-11-15,Financial Services,Financial - Data & Stock Exchanges,US,72800000.0,1.226,43563520000.0,2026-06-12,fmp:company-screener,2026-06-13T10:24:26.283810+00:00,599.12,2026-06-12,43615936000.0,362024431.28806454,True,financial_other,financial_sector_model_not_supported,,,,,,,,,,,,,,,,,,,,,,,,,,,,,,,,,,,,,,,,,,,,,,
AMP,"Ameriprise Financial, Inc.",NYSE,common_stock,False,2005-09-15,Financial Services,Asset Management,US,89897100.0,1.166,41147700612.0,2026-06-12,fmp:company-screener,2026-06-13T10:24:26.283810+00:00,459.13,2026-06-12,41274455523.0,313696524.98806447,True,asset_management,asset_management_model_not_supported,,,,,,,,,,,,,,,,,,,,,,,,,,,,,,,,,,,,,,,,,,,,,,
VTR,"Ventas, Inc.",NYSE,common_stock,False,1997-05-05,Real Estate,REIT - Healthcare Facilities,US,486169723.0023641,0.734,41061894804.579994,2026-06-12,fmp:company-screener,2026-06-13T10:24:26.283810+00:00,84.6,2026-06-12,41129958566.0,359627191.0093549,True,reit,reit_model_not_supported,,,,,,,,,,,,,,,,,,,,,,,,,,,,,,,,,,,,,,,,,,,,,,
CCI,Crown Castle Inc.,NYSE,common_stock,False,1998-08-18,Real Estate,REIT - Specialty,US,436451982.99696183,0.948,40171040515.32,2026-06-12,fmp:company-screener,2026-06-13T10:24:26.283810+00:00,92.16,2026-06-12,40223414753.0,325638813.37387097,True,reit,reit_model_not_supported,,,,,,,,,,,,,,,,,,,,,,,,,,,,,,,,,,,,,,,,,,,,,,
AIG,"American International Group, Inc.",NYSE,common_stock,False,1973-01-02,Financial Services,Insurance - Diversified,US,530206221.0060734,0.541,39935132565.71999,2026-06-12,fmp:company-screener,2026-06-13T10:24:26.283810+00:00,75.74,2026-06-12,40157819179.0,316666864.54,True,insurance,insurance_model_not_supported,,,,,,,,,,,,,,,,,,,,,,,,,,,,,,,,,,,,,,,,,,,,,,
IRM,Iron Mountain Incorporated,NYSE,common_stock,False,1996-02-01,Real Estate,REIT - Specialty,US,297524680.996542,1.218,37241164320.770004,2026-06-12,fmp:company-screener,2026-06-13T10:24:26.283810+00:00,127.24,2026-06-12,37857040410.0,177316324.78935486,True,reit,reit_model_not_supported,,,,,,,,,,,,,,,,,,,,,,,,,,,,,,,,,,,,,,,,,,,,,,
PRU,"Prudential Financial, Inc.",NYSE,common_stock,False,2001-12-13,Financial Services,Insurance - Life,US,347325107.0046083,0.855,37684774109.5,2026-06-12,fmp:company-screener,2026-06-13T10:24:26.283810+00:00,108.5,2026-06-12,37684774110.0,222884004.9864516,True,insurance,insurance_model_not_supported,,,,,,,,,,,,,,,,,,,,,,,,,,,,,,,,,,,,,,,,,,,,,,
HIG,"The Hartford Financial Services Group, Inc.",NYSE,common_stock,False,1995-12-15,Financial Services,Insurance - Property & Casualty,US,274130819.996914,0.475,35505423806.4,2026-06-12,fmp:company-screener,2026-06-13T10:24:26.283810+00:00,129.62,2026-06-12,35532836888.0,223556971.0919355,True,insurance,insurance_model_not_supported,,,,,,,,,,,,,,,,,,,,,,,,,,,,,,,,,,,,,,,,,,,,,,
MTB,M&T Bank Corporation,NYSE,common_stock,False,1980-03-17,Financial Services,Banks - Regional,US,146445060.0008625,0.587,33957680512.8,2026-06-12,fmp:company-screener,2026-06-13T10:24:26.283810+00:00,231.88,2026-06-12,33957680512.999996,249543413.85741934,True,bank,bank_model_not_supported,,,,,,,,,,,,,,,,,,,,,,,,,,,,,,,,,,,,,,,,,,,,,,
VICI,VICI Properties Inc.,NYSE,common_stock,False,2018-01-02,Real Estate,REIT - Specialty,US,1076780186.9915848,0.676,30774377744.46,2026-06-12,fmp:company-screener,2026-06-13T10:24:26.283810+00:00,28.52,2026-06-12,30709770932.999996,227843775.0419355,True,reit,reit_model_not_supported,,,,,,,,,,,,,,,,,,,,,,,,,,,,,,,,,,,,,,,,,,,,,,
RJF,"Raymond James Financial, Inc.",NYSE,common_stock,False,1983-07-01,Financial Services,Financial - Capital Markets,US,194883034.00259066,0.951,29314305974.28,2026-06-12,fmp:company-screener,2026-06-13T10:24:26.283810+00:00,154.4,2026-06-12,30089940450.0,221579900.52451614,True,asset_management,asset_management_model_not_supported,,,,,,,,,,,,,,,,,,,,,,,,,,,,,,,,,,,,,,,,,,,,,,
CFG,"Citizens Financial Group, Inc.",NYSE,common_stock,False,2014-09-24,Financial Services,Banks - Regional,US,422881999.99999994,1.021,27470414719.999996,2026-06-12,fmp:company-screener,2026-06-13T10:24:26.283810+00:00,67.65,2026-06-12,28607967300.0,291487378.54483867,True,bank,bank_model_not_supported,,,,,,,,,,,,,,,,,,,,,,,,,,,,,,,,,,,,,,,,,,,,,,
AVB,"AvalonBay Communities, Inc.",NYSE,common_stock,False,1994-03-11,Real Estate,REIT - Residential,US,141872000.0,0.789,26155521920.000004,2026-06-12,fmp:company-screener,2026-06-13T10:24:26.283810+00:00,187.03,2026-06-12,26534320160.0,205460835.3554839,True,reit,reit_model_not_supported,,,,,,,,,,,,,,,,,,,,,,,,,,,,,,,,,,,,,,,,,,,,,,
WRB,W. R. Berkley Corporation,NYSE,common_stock,False,1973-10-23,Financial Services,Insurance - Property & Casualty,US,372277000.0,0.311,25143588580.000004,2026-06-12,fmp:company-screener,2026-06-13T10:24:26.283810+00:00,68.27,2026-06-12,25415350790.0,159458054.38,True,insurance,insurance_model_not_supported,,,,,,,,,,,,,,,,,,,,,,,,,,,,,,,,,,,,,,,,,,,,,,
EQR,Equity Residential,NYSE,common_stock,False,1993-08-12,Real Estate,REIT - Residential,US,374672000.0,0.764,25230412480.0,2026-06-12,fmp:company-screener,2026-06-13T10:24:26.283810+00:00,67.34,2026-06-12,25230412480.0,197545866.06419355,True,reit,reit_model_not_supported,,,,,,,,,,,,,,,,,,,,,,,,,,,,,,,,,,,,,,,,,,,,,,
RF,Regions Financial Corporation,NYSE,common_stock,False,1980-03-17,Financial Services,Banks - Regional,US,853380000.0,1.027,24654148200.0,2026-06-12,fmp:company-screener,2026-06-13T10:24:26.283810+00:00,29.27,2026-06-12,24978432600.0,327193978.6364516,True,bank,bank_model_not_supported,,,,,,,,,,,,,,,,,,,,,,,,,,,,,,,,,,,,,,,,,,,,,,
SYF,Synchrony Financial,NYSE,common_stock,False,2014-07-31,Financial Services,Financial - Credit Services,US,336370241.9983642,1.321,23434914760.14,2026-06-12,fmp:company-screener,2026-06-13T10:24:26.283810+00:00,73.36,2026-06-12,24676120953.0,274103594.4190323,True,consumer_finance,consumer_finance_model_not_supported,,,,,,,,,,,,,,,,,,,,,,,,,,,,,,,,,,,,,,,,,,,,,,
KEY,KeyCorp,NYSE,common_stock,False,1987-11-05,Financial Services,Banks - Regional,US,1084230000.0,1.041,23831375400.0,2026-06-12,fmp:company-screener,2026-06-13T10:24:26.283810+00:00,22.7,2026-06-12,24612021000.0,274369266.60580647,True,bank,bank_model_not_supported,,,,,,,,,,,,,,,,,,,,,,,,,,,,,,,,,,,,,,,,,,,,,,
L,Loews Corporation,NYSE,common_stock,False,1980-03-17,Financial Services,Insurance - Property & Casualty,US,205768873.00221974,0.535,22093403894.010002,2026-06-12,fmp:company-screener,2026-06-13T10:24:26.283810+00:00,108.12,2026-06-12,22247730549.0,85316826.22903225,True,insurance,insurance_model_not_supported,,,,,,,,,,,,,,,,,,,,,,,,,,,,,,,,,,,,,,,,,,,,,,
BRO,"Brown & Brown, Inc.",NYSE,common_stock,False,1981-02-11,Financial Services,Insurance - Brokers,US,338948000.0,0.624,20455511800.0,2026-06-12,fmp:company-screener,2026-06-13T10:24:26.283810+00:00,59.99,2026-06-12,20333490520.0,206824702.91290322,True,insurance,insurance_model_not_supported,,,,,,,,,,,,,,,,,,,,,,,,,,,,,,,,,,,,,,,,,,,,,,
ESS,"Essex Property Trust, Inc.",NYSE,common_stock,False,1994-06-07,Real Estate,REIT - Residential,US,64262900.0,0.729,18234597875.0,2026-06-12,fmp:company-screener,2026-06-13T10:24:26.283810+00:00,283.75,2026-06-12,18234597875.0,129969870.7567742,True,reit,reit_model_not_supported,,,,,,,,,,,,,,,,,,,,,,,,,,,,,,,,,,,,,,,,,,,,,,
INVH,Invitation Homes Inc.,NYSE,common_stock,False,2017-02-01,Real Estate,REIT - Residential,US,594042000.0,0.853,17732153700.0,2026-06-12,fmp:company-screener,2026-06-13T10:24:26.283810+00:00,29.68,2026-06-12,17631166560.0,157080687.81709677,True,reit,reit_model_not_supported,,,,,,,,,,,,,,,,,,,,,,,,,,,,,,,,,,,,,,,,,,,,,,
KIM,Kimco Realty Corporation,NYSE,common_stock,False,1991-11-22,Real Estate,REIT - Retail,US,674390000.0,0.981,17365542500.0,2026-06-12,fmp:company-screener,2026-06-13T10:24:26.283810+00:00,25.91,2026-06-12,17473444900.0,115114445.0003226,True,reit,reit_model_not_supported,,,,,,,,,,,,,,,,,,,,,,,,,,,,,,,,,,,,,,,,,,,,,,
BEN,"Franklin Resources, Inc.",NYSE,common_stock,False,1983-09-23,Financial Services,Asset Management,US,519637161.9981325,1.593,16695942015.060001,2026-06-12,fmp:company-screener,2026-06-13T10:24:26.283810+00:00,32.13,2026-06-12,16695942015.0,144106043.61580646,True,asset_management,asset_management_model_not_supported,,,,,,,,,,,,,,,,,,,,,,,,,,,,,,,,,,,,,,,,,,,,,,
MAA,"Mid-America Apartment Communities, Inc.",NYSE,common_stock,False,1994-01-28,Real Estate,REIT - Residential,US,116384802.00100769,0.744,16328787720.6,2026-06-12,fmp:company-screener,2026-06-13T10:24:26.283810+00:00,138.93,2026-06-12,16169340542.0,127255026.95387097,True,reit,reit_model_not_supported,,,,,,,,,,,,,,,,,,,,,,,,,,,,,,,,,,,,,,,,,,,,,,
GPN,Global Payments Inc.,NYSE,common_stock,False,2001-01-16,Financial Services,Financial - Credit Services,US,236695114.00088614,0.767,16026626169.0,2026-06-12,fmp:company-screener,2026-06-13T10:24:26.283810+00:00,67.71,2026-06-12,16026626169.0,235263829.54903227,True,consumer_finance,consumer_finance_model_not_supported,,,,,,,,,,,,,,,,,,,,,,,,,,,,,,,,,,,,,,,,,,,,,,
DOC,"Healthpeak Properties, Inc.",NYSE,common_stock,False,1985-05-23,Real Estate,REIT - Healthcare Facilities,US,689420000.0,1.029,14219287500.0,2026-06-12,fmp:company-screener,2026-06-13T10:24:26.283810+00:00,20.69,2026-06-12,14264099800.0,181176406.2283871,True,reit,reit_model_not_supported,,,,,,,,,,,,,,,,,,,,,,,,,,,,,,,,,,,,,,,,,,,,,,
EG,"Everest Re Group, Ltd.",NYSE,common_stock,False,1995-10-03,Financial Services,Insurance - Reinsurance,US,39571602.00058928,0.305,13430601718.8,2026-06-12,fmp:company-screener,2026-06-13T10:24:26.283810+00:00,339.4,2026-06-12,13430601719.000002,128678310.15612903,True,insurance,insurance_model_not_supported,,,,,,,,,,,,,,,,,,,,,,,,,,,,,,,,,,,,,,,,,,,,,,
GL,Globe Life Inc.,NYSE,common_stock,False,1980-10-01,Financial Services,Insurance - Life,US,77644800.0,0.499,12819156480.0,2026-06-12,fmp:company-screener,2026-06-13T10:24:26.283810+00:00,166.76,2026-06-12,12948046848.0,84464816.68580644,True,insurance,insurance_model_not_supported,,,,,,,,,,,,,,,,,,,,,,,,,,,,,,,,,,,,,,,,,,,,,,
AIZ,"Assurant, Inc.",NYSE,common_stock,False,2004-02-05,Financial Services,Insurance - Specialty,US,49547637.001417674,0.569,12869998710.75,2026-06-12,fmp:company-screener,2026-06-13T10:24:26.283810+00:00,260.99,2026-06-12,12931437781.0,95028884.57258065,True,insurance,insurance_model_not_supported,,,,,,,,,,,,,,,,,,,,,,,,,,,,,,,,,,,,,,,,,,,,,,
IVZ,Invesco Ltd.,NYSE,common_stock,False,1995-08-25,Financial Services,Asset Management,US,443296629.011065,1.589,12820138510.68,2026-06-12,fmp:company-screener,2026-06-13T10:24:26.283810+00:00,28.92,2026-06-12,12820138511.0,137128414.69451612,True,asset_management,asset_management_model_not_supported,,,,,,,,,,,,,,,,,,,,,,,,,,,,,,,,,,,,,,,,,,,,,,
UDR,"UDR, Inc.",NYSE,common_stock,False,1980-03-17,Real Estate,REIT - Residential,US,324916000.0,0.712,12743205520.0,2026-06-12,fmp:company-screener,2026-06-13T10:24:26.283810+00:00,39.4,2026-06-12,12801690400.0,173688863.55,True,reit,reit_model_not_supported,,,,,,,,,,,,,,,,,,,,,,,,,,,,,,,,,,,,,,,,,,,,,,
CPT,Camden Property Trust,NYSE,common_stock,False,1993-07-22,Real Estate,REIT - Residential,US,100520000.0,0.814,11503508800.0,2026-06-12,fmp:company-screener,2026-06-13T10:24:26.283810+00:00,114.98,2026-06-12,11557789600.0,131438628.48903225,True,reit,reit_model_not_supported,,,,,,,,,,,,,,,,,,,,,,,,,,,,,,,,,,,,,,,,,,,,,,
FRT,Federal Realty Investment Trust,NYSE,common_stock,False,1973-05-03,Real Estate,REIT - Retail,US,86389196.99618563,0.94,10881151308.135,2026-06-12,fmp:company-screener,2026-06-13T10:24:26.283810+00:00,125.84,2026-06-12,10871216550.0,105375738.4932258,True,reit,reit_model_not_supported,,,,,,,,,,,,,,,,,,,,,,,,,,,,,,,,,,,,,,,,,,,,,,
BXP,"BXP, Inc.",NYSE,common_stock,False,1997-06-18,Real Estate,REIT - Office,US,159477000.0,1.062,10570135560.0,2026-06-12,fmp:company-screener,2026-06-13T10:24:26.283810+00:00,66.28,2026-06-12,10570135560.0,105169879.33806452,True,reit,reit_model_not_supported,,,,,,,,,,,,,,,,,,,,,,,,,,,,,,,,,,,,,,,,,,,,,,
ARE,"Alexandria Real Estate Equities, Inc.",NYSE,common_stock,False,1997-05-28,Real Estate,REIT - Office,US,174269000.0,1.202,9435795005.0,2026-06-12,fmp:company-screener,2026-06-13T10:24:26.283810+00:00,53.17,2026-06-12,9265882730.0,109564111.04548387,True,reit,reit_model_not_supported,,,,,,,,,,,,,,,,,,,,,,,,,,,,,,,,,,,,,,,,,,,,,,
FDS,FactSet Research Systems Inc.,NYSE,common_stock,False,1996-06-28,Financial Services,Financial - Data & Stock Exchanges,US,36431126.99867308,0.707,8621061893.279999,2026-06-12,fmp:company-screener,2026-06-13T10:24:26.283810+00:00,241.16,2026-06-12,8785730587.0,231100569.3667742,True,financial_other,financial_sector_model_not_supported,,,,,,,,,,,,,,,,,,,,,,,,,,,,,,,,,,,,,,,,,,,,,,
IBKR,"Interactive Brokers Group, Inc.",NASDAQ,common_stock,False,2007-05-04,Financial Services,Investment - Banking & Investment Services,US,1719878628.0035238,1.329,146912032403.76,2026-06-12,fmp:company-screener,2026-06-13T10:24:26.283810+00:00,90.81,2026-06-12,156182178209.0,396996242.04096776,True,bank,bank_model_not_supported,,,,,,,,,,,,,,,,,,,,,,,,,,,,,,,,,,,,,,,,,,,,,,
EQIX,"Equinix, Inc.",NASDAQ,common_stock,False,2000-08-11,Real Estate,REIT - Specialty,US,98624200.00000001,0.97,102562757427.0,2026-06-12,fmp:company-screener,2026-06-13T10:24:26.283810+00:00,1055.85,2026-06-12,104132361570.0,629270837.4454839,True,reit,reit_model_not_supported,,,,,,,,,,,,,,,,,,,,,,,,,,,,,,,,,,,,,,,,,,,,,,
CME,CME Group Inc.,NASDAQ,common_stock,False,2002-12-06,Financial Services,Financial - Data & Stock Exchanges,US,362356000.00000006,0.244,95002496080.0,2026-06-12,fmp:company-screener,2026-06-13T10:24:26.283810+00:00,269.53,2026-06-12,97665812680.0,805166918.6967741,True,financial_other,financial_sector_model_not_supported,,,,,,,,,,,,,,,,,,,,,,,,,,,,,,,,,,,,,,,,,,,,,,
HOOD,"Robinhood Markets, Inc.",NASDAQ,common_stock,False,2021-07-29,Financial Services,Financial - Capital Markets,US,900505094.0015023,2.348,83918069709.86,2026-06-12,fmp:company-screener,2026-06-13T10:24:26.283810+00:00,93.19,2026-06-12,83918069710.0,2486586925.3983874,True,asset_management,asset_management_model_not_supported,,,,,,,,,,,,,,,,,,,,,,,,,,,,,,,,,,,,,,,,,,,,,,
NDAQ,"Nasdaq, Inc.",NASDAQ,common_stock,False,2002-07-01,Financial Services,Financial - Data & Stock Exchanges,US,565541000.0,0.974,49470698975.0,2026-06-12,fmp:company-screener,2026-06-13T10:24:26.283810+00:00,88.98,2026-06-12,50321838180.0,282408506.42645156,True,financial_other,financial_sector_model_not_supported,,,,,,,,,,,,,,,,,,,,,,,,,,,,,,,,,,,,,,,,,,,,,,
FITB,Fifth Third Bancorp,NASDAQ,common_stock,False,1980-03-17,Financial Services,Banks - Regional,US,906311547.9970049,0.947,48415162894.16,2026-06-12,fmp:company-screener,2026-06-13T10:24:26.283810+00:00,54.73,2026-06-12,49602431021.876076,385927696.4674193,True,bank,bank_model_not_supported,,,,,,,,,,,,,,,,,,,,,,,,,,,,,,,,,,,,,,,,,,,,,,
COIN,"Coinbase Global, Inc.",NASDAQ,common_stock,False,2021-04-14,Financial Services,Financial - Data & Stock Exchanges,US,263459493.00287896,3.32,42266806461.990005,2026-06-12,fmp:company-screener,2026-06-13T10:24:26.283810+00:00,159.78,2026-06-12,42095557792.0,1884587063.8812902,True,financial_other,financial_sector_model_not_supported,,,,,,,,,,,,,,,,,,,,,,,,,,,,,,,,,,,,,,,,,,,,,,
ALNY,"Alnylam Pharmaceuticals, Inc.",NASDAQ,common_stock,False,2004-06-01,Healthcare,Biotechnology,US,133512572.99982321,0.267,38637203500.47,2026-06-12,fmp:company-screener,2026-06-13T10:24:26.283810+00:00,282.85,2026-06-12,37764031273.0,356221898.36096776,True,biotech_preprofit,preprofit_biotech_not_supported,,,,,,,,,,,,,,,,,,,,,,,,,,,,,,,,,,,,,,,,,,,,,,
PYPL,"PayPal Holdings, Inc.",NASDAQ,common_stock,False,2015-07-06,Financial Services,Financial - Credit Services,US,882105492.9930171,1.336,36378030531.32,2026-06-12,fmp:company-screener,2026-06-13T10:24:26.283810+00:00,41.53,2026-06-12,36633841124.0,709377996.4841934,True,consumer_finance,consumer_finance_model_not_supported,,,,,,,,,,,,,,,,,,,,,,,,,,,,,,,,,,,,,,,,,,,,,,
HBAN,Huntington Bancshares Incorporated,NASDAQ,common_stock,False,1980-03-17,Financial Services,Banks - Regional,US,2027130000.0,0.969,35583834594.0,2026-06-12,fmp:company-screener,2026-06-13T10:24:26.283810+00:00,17.52,2026-06-12,35515317600.0,378985214.566129,True,bank,bank_model_not_supported,,,,,,,,,,,,,,,,,,,,,,,,,,,,,,,,,,,,,,,,,,,,,,
ACGL,Arch Capital Group Ltd.,NASDAQ,common_stock,False,1995-09-14,Financial Services,Insurance - Diversified,US,349389604.0039276,0.306,32025051102.64,2026-06-12,fmp:company-screener,2026-06-13T10:24:26.283810+00:00,91.66,2026-06-12,32025051103.0,227160112.3167742,True,insurance,insurance_model_not_supported,,,,,,,,,,,,,,,,,,,,,,,,,,,,,,,,,,,,,,,,,,,,,,
CINF,Cincinnati Financial Corporation,NASDAQ,common_stock,False,1980-03-17,Financial Services,Insurance - Property & Casualty,US,154687000.0,0.584,26069400110.0,2026-06-12,fmp:company-screener,2026-06-13T10:24:26.283810+00:00,169.01,2026-06-12,26143649870.0,130283036.32580645,True,insurance,insurance_model_not_supported,,,,,,,,,,,,,,,,,,,,,,,,,,,,,,,,,,,,,,,,,,,,,,
PFG,"Principal Financial Group, Inc.",NASDAQ,common_stock,False,2001-10-23,Financial Services,Asset Management,US,216012383.99856007,0.896,23979534747.84,2026-06-12,fmp:company-screener,2026-06-13T10:24:26.283810+00:00,111.12,2026-06-12,24003296109.919994,141147590.1964516,True,asset_management,asset_management_model_not_supported,,,,,,,,,,,,,,,,,,,,,,,,,,,,,,,,,,,,,,,,,,,,,,
TROW,"T. Rowe Price Group, Inc.",NASDAQ,common_stock,False,1986-04-02,Financial Services,Asset Management,US,214267000.0,1.519,23198688090.0,2026-06-12,fmp:company-screener,2026-06-13T10:24:26.283810+00:00,109.64,2026-06-12,23492233880.0,237145126.64000002,True,asset_management,asset_management_model_not_supported,,,,,,,,,,,,,,,,,,,,,,,,,,,,,,,,,,,,,,,,,,,,,,
SBAC,SBA Communications Corporation,NASDAQ,common_stock,False,1999-06-16,Real Estate,REIT - Specialty,US,106063016.99790029,0.978,21990045314.61,2026-06-12,fmp:company-screener,2026-06-13T10:24:26.283810+00:00,204.79,2026-06-12,21720645251.0,242305482.21258065,True,reit,reit_model_not_supported,,,,,,,,,,,,,,,,,,,,,,,,,,,,,,,,,,,,,,,,,,,,,,
INSM,Insmed Incorporated,NASDAQ,common_stock,False,2000-06-01,Healthcare,Biotechnology,US,216752000.0,0.774,20964253440.0,2026-06-12,fmp:company-screener,2026-06-13T10:24:26.283810+00:00,97.85,2026-06-12,21209183200.0,411374399.292258,True,biotech_preprofit,preprofit_biotech_not_supported,,,,,,,,,,,,,,,,,,,,,,,,,,,,,,,,,,,,,,,,,,,,,,
MRNA,"Moderna, Inc.",NASDAQ,common_stock,False,2018-12-07,Healthcare,Biotechnology,US,396786000.0,1.03,20037693000.0,2026-06-12,fmp:company-screener,2026-06-13T10:24:26.283810+00:00,49.91,2026-06-12,19803589260.0,340945160.0603226,True,biotech_preprofit,preprofit_biotech_not_supported,,,,,,,,,,,,,,,,,,,,,,,,,,,,,,,,,,,,,,,,,,,,,,
HST,"Host Hotels & Resorts, Inc.",NASDAQ,common_stock,False,1980-03-17,Real Estate,REIT - Hotel & Motel,US,684879280.996384,1.127,17046645304.09,2026-06-12,fmp:company-screener,2026-06-13T10:24:26.283810+00:00,24.89,2026-06-12,17046645303.999998,181712260.3635484,True,reit,reit_model_not_supported,,,,,,,,,,,,,,,,,,,,,,,,,,,,,,,,,,,,,,,,,,,,,,
REG,Regency Centers Corporation,NASDAQ,common_stock,False,1993-10-29,Real Estate,REIT - Retail,US,183096789.9975087,0.832,14876614187.5,2026-06-12,fmp:company-screener,2026-06-13T10:24:26.283810+00:00,80.28,2026-06-12,14699010300.999998,123109629.09064516,True,reit,reit_model_not_supported,,,,,,,,,,,,,,,,,,,,,,,,,,,,,,,,,,,,,,,,,,,,,,
ERIE,Erie Indemnity Company,NASDAQ,common_stock,False,1995-10-02,Financial Services,Insurance - Brokers,US,46189068.00194115,0.307,10456050268.5,2026-06-12,fmp:company-screener,2026-06-13T10:24:26.283810+00:00,226.67,2026-06-12,10469676044.0,57734800.99967742,True,insurance,insurance_model_not_supported,,,,,,,,,,,,,,,,,,,,,,,,,,,,,,,,,,,,,,,,,,,,,,
SMCI,"Super Micro Computer, Inc.",NASDAQ,common_stock,False,2007-03-29,Technology,Computer Hardware,US,601418000.0,1.869,18319192280.0,2026-06-12,fmp:company-screener,2026-06-13T10:24:26.283810+00:00,30.46,2026-06-12,18319192280.0,1518084451.0887096,True,,material_event_requires_reunderwriting,weekly_drop:-34%,,,,,,,,,,,,,,,,,,,,,,,,,,,,,,,,,,,,,,,,,,,,,
XOM,Exxon Mobil Corporation,NYSE,common_stock,False,1978-01-13,Energy,Oil & Gas Integrated,US,4144950000.0,0.149,615649423500.0,2026-06-12,fmp:company-screener,2026-06-13T10:24:26.283810+00:00,147.01,2026-06-12,609349099500.0,3175139758.2590322,True,general_dcf,insufficient_model_confidence,,8.0,2025.0,ttm,2026-05-04,326008000000.0,0.02137513326454399,0.29228653601807575,0.2549231920689063,0.09011128561262301,29377000000.0,0.0,0.09579267470512298,31229178295.267735,22523632421.739574,26641311379.15494,6.368948453061186,0.09454531088381184,0.27876320635843754,0.07216371982550887,0.08643896132487533,39226000000.0,47661000000.0,True,42.39105339105339,0.6950158578288064,0.0,17230000000.0,20337000000.0,-0.0017470058605750793,1.6336698337292161,4183000000.0,0.2263741902626255,0.24399825403799158,True,0.044800000000000006,0.06786529493986976,0.04312996025976544,0.004298424885639113,39.0,1.0,0.4048,7.0,0.29228653601807575,0.3375,cyclical_revenue
CVX,Chevron Corporation,NYSE,common_stock,False,1921-06-24,Energy,Oil & Gas Integrated,US,1991600000.0,0.472,373544496000.0,2026-06-12,fmp:company-screener,2026-06-13T10:24:26.283810+00:00,187.22,2026-06-12,372867352000.0,2191735096.627742,True,general_dcf,insufficient_model_confidence,,8.0,2025.0,ttm,2026-05-07,185887000000.0,0.02151287461971707,0.3378424505974167,0.2543050347791938,0.08401340599396408,15617000000.0,0.0,0.09720176629979874,18068544732.17069,12952142787.436766,17846097331.851788,8.986402805706122,0.08021670221770562,0.2831662439102951,0.05001694562082441,0.006594393908605934,40105000000.0,45428000000.0,True,11.568148148148149,1.071352246620719,0.0,13293000000.0,10510000000.0,0.0077772420189685665,1.7831379876564182,1985900000.0,0.24520868133233442,0.2877886002900017,True,0.044800000000000006,0.06687496670325005,0.04286665861416436,-0.016858021082425637,36.0,1.0,0.3337,5.0,0.3378424505974167,0.3137,cyclical_revenue;incremental_roic_below_wacc
COP,ConocoPhillips,NYSE,common_stock,False,1981-12-31,Energy,Oil & Gas Exploration & Production,US,1218294007.0011969,0.106,140542396647.52,2026-06-12,fmp:company-screener,2026-06-13T10:24:26.283810+00:00,116.98,2026-06-12,142516032939.0,1087599791.6903226,True,general_dcf,insufficient_model_confidence,,8.0,2025.0,ttm,2026-04-30,58310000000.0,0.0708056175442664,0.6111172904610209,0.29183673469387755,0.18281598353627165,10660000000.0,0.0,0.24257084433533482,14144305933.193373,9360055081.197824,9490794450.47682,7.747840297215272,0.1211406341540886,0.3382457134759813,0.08655052689216661,-0.02620071248387966,16964000000.0,23327000000.0,True,9.416961130742049,0.7600358422939069,0.0,4029000000.0,4524000000.0,-0.014071951486317569,2.1831199826426557,1224960000.0,0.16135884545884815,0.3304269392726866,True,0.044800000000000006,0.06554834467599882,0.03957290633413632,0.021002182216167786,43.0,1.0,0.6352,8.0,0.6111172904610209,0.3462,cyclical_revenue;incremental_roic_below_wacc
MPC,Marathon Petroleum Corporation,NYSE,common_stock,False,2011-06-24,Energy,Oil & Gas Refining & Marketing,US,291937000.0,0.522,76140088970.0,2026-06-12,fmp:company-screener,2026-06-13T10:24:26.283810+00:00,263.58,2026-06-12,76948754460.0,606317380.8983871,True,general_dcf,insufficient_model_confidence,,8.0,2025.0,ttm,2026-05-05,135750000000.0,0.06377033340935179,0.358821335624292,0.0879926335174954,0.05022467771639042,6818000000.0,0.0,0.04180573261894174,5675128203.021341,4532313409.404134,5266324376.536614,17.851947039107166,0.0807112885285722,0.20137250696976194,0.11128683468525512,0.2046404537909565,32175000000.0,34326000000.0,True,4.757850662944871,4.177486367177356,0.0,1150000000.0,3181000000.0,-0.1700394723583183,2.039288361749444,295000000.0,0.19987445234285373,0.3254334451932334,True,0.044800000000000006,0.065,0.04775792408320824,0.046286834685255115,38.0,1.0,0.5271,9.0,0.358821335624292,0.3314,elevated_leverage;thin_interest_coverage;cyclical_revenue
PSX,Phillips 66,NYSE,common_stock,False,2012-04-12,Energy,Oil & Gas Refining & Marketing,US,400935020.0,0.674,72857911834.4,2026-06-12,fmp:company-screener,2026-06-13T10:24:26.283810+00:00,179.45,2026-06-12,71947789339.0,491616973.45419353,True,general_dcf,insufficient_model_confidence,,8.0,2025.0,ttm,2026-04-29,135770000000.0,0.024917086063704685,0.37506775341609794,0.07044266038152758,0.04668188848788392,6338000000.0,0.0,0.028322227427678655,3845308817.855931,3108091880.780153,3527048196.192562,8.746055888176402,0.026710615930276117,0.19171852561033986,0.10143930903096246,0.09227967285465476,21974000000.0,27124000000.0,True,5.740942028985507,2.3486532706284735,0.0,1962000000.0,1229000000.0,-0.05226021174203899,1.126958891664774,403273000.0,0.1942512077845011,0.3606499219569482,True,0.044800000000000006,0.07024145164712922,0.048335232168501684,0.03119785738383324,44.0,1.0,0.4066,6.0,0.37506775341609794,0.3028,cyclical_revenue;peak_cycle_margins
CCL,Carnival Corporation & plc,NYSE,common_stock,False,1987-07-24,Consumer Cyclical,Leisure,US,1385139603.0157642,2.331,40418373615.54,2026-06-12,fmp:company-screener,2026-06-13T10:24:26.283810+00:00,29.18,2026-06-12,40418373616.0,758164804.071613,True,general_dcf,insufficient_model_confidence,,8.0,2025.0,ttm,2026-03-27,26976000000.0,0.05031559217653592,1.9578577402819028,0.37548190984578883,0.16852016607354686,4546000000.0,0.0,0.11671246308243946,3148435404.111887,2833591863.7006984,589666651.2295651,0.4236111000212393,1.3002989475891424,0.1,0.10706547338671692,14.15054347826087,25183000000.0,26607000000.0,True,3.65728077232502,3.4132556248305774,0.0024779185484193277,208000000.0,0.0,0.05662060608119557,2.6721173338174333,1392000000.0,0.04538890548273189,0.01832554794705232,True,0.044800000000000006,0.12759572027063,0.07632000000000001,-0.02053024688391307,77.0,1.0,0.0,0.0,1.9578577402819028,0.3445,elevated_leverage;thin_interest_coverage;ongoing_dilution;cyclical_revenue
MOS,The Mosaic Company,NYSE,common_stock,False,1988-01-26,Basic Materials,Agricultural Inputs,US,317846643.98413396,0.808,6299720484.08,2026-06-12,fmp:company-screener,2026-06-13T10:24:26.283810+00:00,22.69,2026-06-12,7211940352.0,224940585.95258063,True,general_dcf,insufficient_model_confidence,,8.0,2025.0,ttm,2026-05-11,12059200000.0,0.033229377034890595,0.28633654438079925,0.1389395648135863,0.03705884304099775,446900000.0,0.0,0.09196034797187076,1108968228.262384,828362709.6385053,544086946.7982513,1.713659674955122,0.10375908132929813,0.25303296476180637,0.0262343956971157,-0.37217194465372566,920500000.0,1202300000.0,True,2.0240036231884058,0.5076100143377081,0.0027599097553318097,280300000.0,0.0,-0.03743238971931773,2.066443471542622,317500000.0,0.061865442205646604,0.15723270440843068,True,0.044800000000000006,0.08207685341227956,0.06334280458819883,-0.055842457715163864,32.0,1.0,0.1125,2.0,0.28633654438079925,0.3197,thin_interest_coverage;cyclical_revenue;incremental_roic_below_wacc
TSLA,"Tesla, Inc.",NASDAQ,common_stock,False,2010-06-29,Consumer Cyclical,Auto - Manufacturers,US,3755720000.0,1.798,1499095638000.0,2026-06-12,fmp:company-screener,2026-06-13T10:24:26.283810+00:00,406.43,2026-06-12,1526437279600.0,24152757295.72871,True,general_dcf,insufficient_model_confidence,,8.0,2025.0,ttm,2026-04-23,97879000000.0,0.23646656210970574,0.2476122366918237,0.1906537663850264,0.05003116092318066,4897000000.0,0.0,0.06783126614962924,6639256499.45956,5595106026.775957,2525465374.9666557,0.7138115813924973,0.05731395919486214,0.15726918710982143,0.08491640848523589,-0.0727933544103712,-35514000000.0,9229000000.0,True,14.44542772861357,-3.1742938863067574,0.02046268809499437,0.0,0.0,0.006007009057191759,2.0929873772791026,3538000000.0,0.08341891687364544,0.21783654802051533,True,0.044800000000000006,0.13419334822119863,0.050395302610832686,-0.04927693973596274,50.0,1.0,0.2153,3.0,0.2476122366918237,0.3169,cyclical_revenue;incremental_roic_below_wacc
